Dutch_Lemma,English_Lemma,Chinese_Lemma,POS
huid,skin,皮肤,NOUN
hé,hey,嘿,INTJ
inspiratie,inspiration,灵感,NOUN
kanaal,channel,频道,NOUN
korting,discount,折扣,NOUN
laag,layer,层,NOUN
meedoen,to participate,参加,VERB
meester,master,大师,NOUN
praktijk,practice,实践,NOUN
sindsdien,since then,此后,ADV
straf,punishment,惩罚,NOUN
testen,to test,测试,VERB
toevallig,by chance,偶然地,ADV
trouw,faithful,忠诚的,ADJ
vermist,missing,失踪的,ADJ
bezorgd,concerned,担心的,ADJ
breed,wide,宽的,ADJ
cel,cell,细胞,NOUN
duizend,thousand,千,NUM
evenals,as well as,以及,SCONJ
gemiddeld,average,平均的,ADJ
geschikt,suitable,合适的,ADJ
justitie,justice,司法,NOUN
lossen,to unload,卸货,VERB
onlangs,recently,最近,ADV
ontslag,dismissal,解雇,NOUN
ploeg,team,团队,NOUN
regel,rule,规则,NOUN
regelen,to arrange,安排,VERB
ster,star,星星,NOUN
stoel,chair,椅子,NOUN
vluchten,to flee,逃跑,VERB
werkelijkheid,reality,现实,NOUN
wijzen,to point,指出,VERB
zwanger,pregnant,怀孕的,ADJ
aanpak,approach,方法,NOUN
afscheid,farewell,告别,NOUN
bedenken,to invent,发明,VERB
benieuwd,curious,好奇的,ADJ
bevestigen,to confirm,确认,VERB
buur,neighbor,邻居,NOUN
dans,dance,舞蹈,NOUN
geel,yellow,黄色的,ADJ
geheim,secret,秘密,NOUN
herinnering,memory,记忆,NOUN
instantie,agency,机构,NOUN
landschap,landscape,风景,NOUN
lot,fate,命运,NOUN
melding,notification,通知,NOUN
netjes,neatly,整洁地,ADV
oké,okay,好的,INTJ
qua,regarding,关于,ADP
schaal,scale,规模,NOUN
verrassing,surprise,惊喜,NOUN
behandelen,to treat,对待,VERB
beveiliging,security,安全,NOUN
blik,glance,一瞥,NOUN
boer,farmer,农民,NOUN
donker,dark,黑暗的,ADJ
geïnteresseerd,interested,感兴趣的,ADJ
hout,wood,木材,NOUN
instituut,institute,学院,NOUN
klimaat,climate,气候,NOUN
noch,nor,也不,CCONJ
omgaan,to deal with,应对,VERB
optie,option,选项,NOUN
pensioen,pension,养老金,NOUN
podium,stage,舞台,NOUN
rand,edge,边缘,NOUN
succesvol,successful,成功的,ADJ
uitzending,broadcast,广播,NOUN
uitzondering,exception,例外,NOUN
verzamelen,to collect,收集,VERB
vogel,bird,鸟,NOUN
vriendelijk,friendly,友好的,ADJ
zichtbaar,visible,可见的,ADJ
aanpassen,to adjust,调整,VERB
aanslag,tax rate,税率,NOUN
bevatten,to contain,包含,VERB
commentaar,comment,评论,NOUN
beker,cup,杯子,NOUN
echtgenoot,husband,丈夫,NOUN
eigendom,property,财产,NOUN
fase,phase,阶段,NOUN
dwang,coercion,强迫,NOUN
geheim,secret,秘密的,ADJ
instelling,institution,机构,NOUN
jood,Jew,犹太人,NOUN
kanker,cancer,癌症,NOUN
kast,cupboard,柜子,NOUN
logisch,logical,合乎逻辑的,ADJ
maan,moon,月亮,NOUN
onafhankelijk,independent,独立的,ADJ
roze,pink,粉红色,ADJ
tegelijk,at the same time,同时,ADV
tentoonstelling,exhibition,展览,NOUN
tiental,dozen,几十,NOUN
uitleg,explanation,解释,NOUN
vaststellen,to establish,确定,VERB
visie,vision,愿景,NOUN
zakken,to fail,不及格,VERB
zwembad,swimming pool,游泳池,NOUN
alsnog,yet,仍然,ADV
behoren,to belong,属于,VERB
dokter,doctor,医生,NOUN
droog,dry,干燥的,ADJ
gevecht,fight,战斗,NOUN
komst,arrival,到来,NOUN
kunstenaar,artist,艺术家,NOUN
leraar,teacher,教师,NOUN
lied,song,歌曲,NOUN
lijden,to suffer,受苦,VERB
literatuur,literature,文学,NOUN
nabij,near,在附近,ADP
negatief,negative,负面的,ADJ
opeens,suddenly,突然,ADV
overleven,to survive,幸存,VERB
papier,paper,纸,NOUN
patiënt,patient,病人,NOUN
stilte,silence,沉默,NOUN
toernooi,tournament,锦标赛,NOUN
traditie,tradition,传统,NOUN
vanmorgen,this morning,今天上午,ADV
voorlopig,provisional,暂时的,ADJ
wezen,to be,是,AUX
analyse,analysis,分析,NOUN
assistent,assistant,助手,NOUN
bevinden,to be located,位于,VERB
café,cafe,咖啡馆,NOUN
congres,congress,大会,NOUN
dertig,thirty,三十,NUM
dubbel,double,双倍的,ADJ
enthousiast,enthusiastic,热情的,ADJ
gedachte,thought,想法,NOUN
heden,present,现在,NOUN
helder,clear,清晰的,ADJ
herstellen,to recover,恢复,VERB
jarig,having a birthday,过生日的,ADJ
klacht,complaint,投诉,NOUN
middag,afternoon,下午,NOUN
mist,fog,雾,NOUN
ondernemer,entrepreneur,企业家,NOUN
ontdekken,to discover,发现,VERB
overlijden,to die,去世,VERB
plein,square,广场,NOUN
professioneel,professional,专业的,ADJ
raam,window,窗户,NOUN
revolutie,revolution,革命,NOUN
schieten,to shoot,射击,VERB
smaak,taste,味道,NOUN
star,rigid,僵硬的,ADJ
studeren,to study,学习,VERB
telkens,repeatedly,反复地,ADV
verspreiden,to spread,传播,VERB
vroeg,early,早的,ADJ
zicht,view,视野,NOUN
beslist,definitely,绝对,ADV
boerderij,farm,农场,NOUN
braziliaans,Brazilian,巴西的,ADJ
gat,hole,洞,NOUN
getuigen,to testify,作证,VERB
grotendeels,largely,主要地,ADV
ict,IT,信息技术,NOUN
jas,coat,外套,NOUN
lente,spring,春天,NOUN
medisch,medical,医学的,ADJ
opstand,revolt,起义,NOUN
reclame,advertisement,广告,NOUN
samenwerken,to collaborate,合作,VERB
scherp,sharp,锋利的,ADJ
steunen,to support,支持,VERB
tegenstelling,contradiction,矛盾,NOUN
tuurlijk,of course,当然,ADJ
uiterlijk,appearance,外貌,NOUN
vanochtend,this morning,今天早上,ADV
vermogen,assets,资产,NOUN
voorkeur,preference,偏好,NOUN
voren,forward,向前,ADV
wederom,again,再次,ADV
accepteren,to accept,接受,VERB
ach,oh well,唉,INTJ
bedrag,amount,金额,NOUN
competitie,competition,比赛,NOUN
wennen,to get used to,习惯于,VERB
gewicht,weight,重量,NOUN
hierna,after this,此后,ADV
huilen,to cry,哭,VERB
huur,rent,租金,NOUN
Indiase,Indian,印度的,ADJ
inzetten,to deploy,部署,VERB
katholieke,Catholic,天主教的,ADJ
lol,fun,乐趣,NOUN
mars,march,行军,NOUN
mobiel,mobile,移动的,ADJ
oefenen,to practice,练习,VERB
ondersteuning,support,支持,NOUN
oorspronkelijke,original,最初的,ADJ
oppakken,to arrest,逮捕,VERB
plaatselijke,local,地方的,ADJ
pop,pop music,流行音乐,NOUN
rekenen,to calculate,计算,VERB
rook,smoke,烟,NOUN
samenvatting,summary,总结,NOUN
technisch,technical,技术的,ADJ
toezicht,supervision,监督,NOUN
uitvoering,execution,执行,NOUN
vak,subject / field,科目 / 领域,NOUN
veroordelen,to convict,定罪,VERB
verschrikkelijk,terrible,可怕的,ADJ
vinger,finger,手指,NOUN
vliegveld,airport,机场,NOUN
vocht,moisture,湿气,NOUN
werkzaamheden,activities,活动,NOUN
zaal,hall,大厅,NOUN
ziel,soul,灵魂,NOUN
bevel,command,命令,NOUN
commercieel,commercial,商业的,ADJ
deels,partly,部分地,ADV
duurzaam,sustainable,可持续的,ADJ
elf,eleven,十一,NUM
financieel,financial,金融的,ADJ
getuige,witness,证人,NOUN
historisch,historical,历史的,ADJ
hoezo,what do you mean?,怎么会,INTJ
ijs,ice,冰,NOUN
immers,after all,毕竟,ADV
ingang,entrance,入口,NOUN
knap,handsome,英俊的,ADJ
koninklijk,royal,皇家的,ADJ
uitleggen,to explain,解释,VERB
liedje,song,歌曲,NOUN
marine,navy,海军,NOUN
meenemen,to take along,带走,VERB
ondernemen,to undertake,从事,VERB
ondersteunen,to support,支持,VERB
onderzoeken,to investigate,调查,VERB
opa,grandpa,爷爷,NOUN
ophalen,to pick up,接,VERB
paleis,palace,宫殿,NOUN
prinses,princess,公主,NOUN
redelijk,reasonable,合理的,ADJ
roken,to smoke,吸烟,VERB
soldaat,soldier,士兵,NOUN
spanning,tension,紧张,NOUN
toegankelijk,accessible,可进入的,ADJ
toepassing,application,应用,NOUN
vangen,to catch,抓住,VERB
verklaren,to declare,宣布,VERB
vijftig,fifty,五十,NUM
wagen,car,汽车,NOUN
wereldoorlog,world war,世界大战,NOUN
werkzaam,active,活跃的,ADJ
aanvallen,to attack,攻击,VERB
afval,waste,废物,NOUN
alvast,in advance,提前,ADV
bestuurder,driver,司机,NOUN
erfgoed,heritage,遗产,NOUN
ergst,worst,最糟糕的,ADJ
hemel,heaven,天堂,NOUN
inkomen,income,收入,NOUN
kasteel,castle,城堡,NOUN
klagen,to complain,抱怨,VERB
landbouw,agriculture,农业,NOUN
maximaal,maximum,最大的,ADJ
ongelooflijk,incredible,难以置信的,ADJ
ontmoeting,meeting,会面,NOUN
overtuigen,to convince,说服,VERB
paniek,panic,恐慌,NOUN
poort,gate,大门,NOUN
principe,principle,原则,NOUN
puur,pure,纯粹的,ADJ
verbergen,to hide,隐藏,VERB
verdieping,floor,楼层,NOUN
beschrijving,description,描述,NOUN
breken,to break,打破,VERB
buik,belly,腹部,NOUN
cadeau,gift,礼物,NOUN
definitief,final,最终的,ADJ
domein,domain,领域,NOUN
durven,to dare,敢于,VERB
extreem,extreme,极端的,ADJ
geboorte,birth,出生,NOUN
gerust,rest assured,放心的,ADJ
slagen,to pass,通过,VERB
goederen,goods,货物,NOUN
gouverneur,governor,州长,NOUN
houding,attitude,态度,NOUN
identiteit,identity,身份,NOUN
kapitein,captain,队长,NOUN
koers,course,航线,NOUN
merken,to notice,注意到,VERB
mode,fashion,时尚,NOUN
moed,courage,勇气,NOUN
nadenken,to think it over,思考,VERB
nek,neck,脖子,NOUN
ouderen,elderly,老年人,NOUN
passie,passion,激情,NOUN
religie,religion,宗教,NOUN
sneeuw,snow,雪,NOUN
springen,to jump,跳,VERB
symbool,symbol,象征,NOUN
tekort,shortage,短缺,NOUN
vandaar,hence,因此,ADV
vannacht,tonight,今晚,ADV
verdrag,treaty,条约,NOUN
vernietigen,to destroy,摧毁,VERB
volger,follower,追随者,NOUN
zand,sand,沙子,NOUN
zwak,weak,弱,ADJ
aanbieden,to offer,提供,VERB
bodem,soil,土壤,NOUN
chauffeur,driver,司机,NOUN
Chinees,Chinese,中国人,NOUN
conclusie,conclusion,结论,NOUN
defensie,defense,国防,NOUN
plannen,to plan,计划,VERB
kerst,Christmas,圣诞节,NOUN
minst,least,最少,ADV
pand,building,建筑物,NOUN
plaat,plate,盘子,NOUN
realiseren,to realize,意识到,VERB
sloot,ditch,沟渠,NOUN
toekomstig,future,未来,ADJ
traan,tear,眼泪,NOUN
treden,step,步骤,NOUN
verdedigen,to defend,防御,VERB
vet,fat,脂肪,NOUN
vijfde,fifth,第五,ADJ
werking,operation,运作,NOUN
westers,western,西方的,ADJ
zijde,side,侧面,NOUN
aziatisch,Asian,亚洲的,ADJ
beheer,management,管理,NOUN
bord,plate,盘子,NOUN
docent,lecturer,讲师,NOUN
ei,egg,鸡蛋,NOUN
gauw,soon,很快,ADV
goedkoop,cheap,便宜的,ADJ
kaas,cheese,奶酪,NOUN
klok,clock,时钟,NOUN
maal,time,次,NOUN
misdaad,crime,犯罪,NOUN
onbekend,unknown,未知的,ADJ
ontsnappen,to escape,逃跑,VERB
oor,ear,耳朵,NOUN
plaatje,picture,图片,NOUN
schoonheid,beauty,美丽,NOUN
spannend,exciting,令人兴奋的,ADJ
sporten,to play sports,做运动,VERB
terugkeer,return,返回,NOUN
toestand,condition,状况,NOUN
vergelijken,to compare,比较,VERB
vermoedelijk,presumably,大概,ADV
verstand,mind,理智,NOUN
verzameling,collection,收集,NOUN
voorstelling,performance,表演,NOUN
vrolijk,cheerful,快乐的,ADJ
wandelen,to walk,散步,VERB
zilver,silver,银,NOUN
aangeven,to indicate,指出,VERB
apart,separate,分开的,ADJ
beslag,seizure,扣押,NOUN
bruin,brown,棕色的,ADJ
cursus,course,课程,NOUN
ellende,trouble,麻烦,NOUN
haast,haste,匆忙,NOUN
hartelijk,warmly,热情地,ADV
intussen,meanwhile,同时,ADV
investeren,to invest,投资,VERB
licht,light,轻的,ADJ
loon,wage,工资,NOUN
luxe,luxury,奢侈,NOUN
melk,milk,牛奶,NOUN
menselijk,human,人类的,ADJ
metro,subway,地铁,NOUN
ofwel,either,或者,ADV
raden,to guess,猜,VERB
roman,novel,小说,NOUN
sleutel,key,钥匙,NOUN
specifiek,specific,特定的,ADJ
structuur,structure,结构,NOUN
tegenstander,opponent,对手,NOUN
uitbreiding,expansion,扩展,NOUN
uitstekend,excellent,优秀的,ADJ
verhuizen,to move house,搬家,VERB
verslaan,to defeat,击败,VERB
vloer,floor,地板,NOUN
voorzichtig,careful,小心的,ADJ
zoektocht,search,搜寻,NOUN
zojuist,just now,刚刚,ADV
alternatief,alternative,替代方案,NOUN
belangstelling,interest,兴趣,NOUN
beperkt,limited,有限的,ADJ
btw,VAT,增值税,NOUN
elftal,team,球队,NOUN
filmpje,video,视频,NOUN
methode,method,方法,NOUN
middelbaar,secondary,中等教育的,ADJ
misbruik,abuse,滥用,NOUN
nat,wet,湿的,ADJ
neef,cousin,堂兄弟,NOUN
opname,recording,录音,NOUN
opvallend,remarkable,显著的,ADJ
politicus,politician,政治家,NOUN
prestatie,performance,表现,NOUN
publicatie,publication,出版,NOUN
rechtstreeks,directly,直接地,ADV
streek,region,地区,NOUN
tante,aunt,阿姨,NOUN
tellen,to count,数,VERB
typisch,typical,典型的,ADJ
uitvoeren,to execute,执行,VERB
verdediging,defense,防御,NOUN
verdriet,sadness,悲伤,NOUN
verschijnen,to appear,出现,VERB
vijand,enemy,敌人,NOUN
Vlaams,Flemish,佛兰芒的,ADJ
wetenschappelijk,scientific,科学的,ADJ
zelden,seldom,很少,ADV
zelfmoord,suicide,自杀,NOUN
blad,leaf,叶子,NOUN
blok,block,块,NOUN
dankbaar,grateful,感激的,ADJ
deelnemen,to participate,参与,VERB
definitie,definition,定义,NOUN
Duitser,German,德国人,NOUN
extern,external,外部的,ADJ
figuur,figure,人物,NOUN
geduld,patience,耐心,NOUN
herstel,recovery,恢复,NOUN
hetgeen,which,所...的事物,PRON
liegen,to lie,撒谎,VERB
luchthaven,airport,机场,NOUN
negeren,to ignore,忽视,VERB
oom,uncle,叔叔,NOUN
overleg,consultation,协商,NOUN
plaatsvinden,to take place,发生,VERB
promotie,promotion,晋升,NOUN
ramp,disaster,灾难,NOUN
regulier,regular,常规的,ADJ
salaris,salary,工资,NOUN
scherm,screen,屏幕,NOUN
verdenken,to suspect,怀疑,VERB
verkrijgbaar,available,可获得的,ADJ
veroorzaken,to cause,造成,VERB
vlakbij,nearby,在附近,ADV
volop,plenty,充足地,ADV
zacht,soft,柔软的,ADJ
zanger,singer,歌手,NOUN
zekerheid,certainty,确定性,NOUN
aankomen,to arrive,到达,VERB
aard,nature,性质,NOUN
alternatief,alternative,替代的,ADJ
armoede,poverty,贫穷,NOUN
automatisch,automatic,自动的,ADJ
belasting,tax,税,NOUN
bewaren,to keep,保存,VERB
bijbel,Bible,圣经,NOUN
blijken,to turn out,证明是,VERB
documentaire,documentary,纪录片,NOUN
drukken,to press,按,VERB
fotograaf,photographer,摄影师,NOUN
gras,grass,草,NOUN
hoorn,horn,角,NOUN
jarenlang,for years,多年来,ADV
juridisch,legal,法律的,ADJ
kern,core,核心,NOUN
kip,chicken,鸡,NOUN
kruis,cross,十字架,NOUN
leugen,lie,谎言,NOUN
naartoe,towards,向,ADP
onderhouden,to maintain,维持,VERB
opkomst,turnout,出席率,NOUN
opmerking,remark,评论,NOUN
opstaan,to stand up,站起来,VERB
toestel,device,设备,NOUN
trainen,to train,训练,VERB
verwachting,expectation,期望,NOUN
wetgeving,legislation,立法,NOUN
zelfde,same,相同的,ADJ
apparaat,device,设备,NOUN
beurs,stock exchange,证券交易所,NOUN
bezorgen,to deliver,递送,VERB
creatief,creative,有创造力的,ADJ
file,traffic jam,交通堵塞,NOUN
geldig,valid,有效的,ADJ
hel,hell,地狱,NOUN
medaille,medal,奖牌,NOUN
onderhoud,maintenance,维护,NOUN
oordeel,judgment,判断,NOUN
realiteit,reality,现实,NOUN
triest,sad,悲伤的,ADJ
uniek,unique,独特的,ADJ
verbetering,improvement,改进,NOUN
vervolg,follow-up,后续,NOUN
voorbereiden,to prepare,准备,VERB
voorbereiding,preparation,准备,NOUN
vullen,to fill,填充,VERB
waarschuwing,warning,警告,NOUN
wiskunde,mathematics,数学,NOUN
zender,transmitter,发射机,NOUN
zonde,shame,遗憾,NOUN
aantreffen,to find,发现,VERB
Amerikaans,American,美国的,ADJ
Australisch,Australian,澳大利亚的,ADJ
bereik,range,范围,NOUN
degenen,those,那些人,PRON
gemeenteraad,city council,市议会,NOUN
inkomsten,income,收入,NOUN
kijkje,look,看一眼,NOUN
lijf,body,身体,NOUN
militair,soldier,军人,NOUN
officier,officer,军官,NOUN
omvang,scope,范围,NOUN
recept,recipe,食谱,NOUN
rennen,to run,跑,VERB
tropisch,tropical,热带的,ADJ
uitzicht,view,景色,NOUN
waarover,about which,关于什么,PRON
zekere,certain,某个,ADJ
zelfstandig,independent,独立的,ADJ
afkomst,descent,出身,NOUN
amper,barely,几乎不,ADV
bedanken,to thank,感谢,VERB
bedragen,to amount to,总计,VERB
bedreiging,threat,威胁,NOUN
daaraan,to that,对此,PRON
doos,box,盒子,NOUN
douche,shower,淋浴,NOUN
economisch,economic,经济的,ADJ
elders,elsewhere,在别处,ADV
fabriek,factory,工厂,NOUN
geheugen,memory,记忆,NOUN
gezelschap,company,陪伴,NOUN
grootte,size,大小,NOUN
infrastructuur,infrastructure,基础设施,NOUN
inzicht,insight,见解,NOUN
jawel,yes indeed,是的,ADV
landelijk,rural,乡村的,ADJ
leerling,pupil,学生,NOUN
lokaal,local,当地的,ADJ
naakt,naked,裸体的,ADJ
noordelijk,northern,北方的,ADJ
onvoldoende,insufficient,不足的,ADJ
oorsprong,origin,起源,NOUN
pakket,package,包裹,NOUN
rit,ride,骑行,NOUN
saai,boring,无聊的,ADJ
scheiding,separation,分离,NOUN
spiegel,mirror,镜子,NOUN
verblijf,stay,停留,NOUN
voegen,to add,添加,VERB
voortaan,henceforth,今后,ADV
voortdurend,continual,持续的,ADJ
voorziening,facility,设施,NOUN
vriendje,boyfriend,男朋友,NOUN
aanvraag,request,申请,NOUN
activiteit,activity,活动,NOUN
adviseur,advisor,顾问,NOUN
archief,archive,档案,NOUN
betreffende,regarding,关于,ADP
binnenstad,city centre,市中心,NOUN
borst,chest,胸部,NOUN
destijds,at that time,当时,ADV
doorheen,through,穿过,ADP
dringend,urgent,紧急的,ADJ
eng,narrow,狭窄的,ADJ
federaal,federal,联邦的,ADJ
formule,formula,公式,NOUN
gezamenlijk,joint,共同的,ADJ
haar,hair,头发,NOUN
kaartje,ticket,票,NOUN
kolonel,colonel,上校,NOUN
letten,to pay attention,注意,VERB
lift,elevator,电梯,NOUN
lukken,to succeed,成功,VERB
minimaal,minimal,最小的,ADJ
onszelf,ourselves,我们自己,PRON
onzeker,uncertain,不确定的,ADJ
planeet,planet,行星,NOUN
redactie,editorial office,编辑部,NOUN
soep,soup,汤,NOUN
toerist,tourist,游客,NOUN
vervelend,annoying,烦人的,ADJ
verwijzen,to refer,提及,VERB
vriendschap,friendship,友谊,NOUN
waaruit,from which,从中,ADV
zwijgen,to keep silent,保持沉默,VERB
aandeel,share,股份,NOUN
aanmelden,to register,注册,VERB
boel,lot,许多,NOUN
Canadees,Canadian,加拿大的,ADJ
daadwerkelijk,actually,实际上,ADV
daarover,about that,关于那个,ADV
dader,perpetrator,肇事者,NOUN
diner,dinner,晚餐,NOUN
drank,drink,饮料,NOUN
erachter,behind it,在它后面,ADV
es,ash,白蜡树,NOUN
fles,bottle,瓶子,NOUN
gezondheidszorg,healthcare,医疗保健,NOUN
grondwet,constitution,宪法,NOUN
jacht,hunt,狩猎,NOUN
kennelijk,apparently,显然,ADV
levend,alive,活着的,ADJ
lieverd,darling,亲爱的,NOUN
luitenant,lieutenant,中尉,NOUN
nep,fake,假的,ADJ
omroep,broadcaster,广播公司,NOUN
opsluiten,to lock up,关押,VERB
pauze,break,休息,NOUN
Pools,Polish,波兰的,ADJ
racisme,racism,种族主义,NOUN
ras,race,种族,NOUN
reiziger,traveler,旅行者,NOUN
resolutie,resolution,决议,NOUN
schande,shame,耻辱,NOUN
schreeuwen,to shout,喊叫,VERB
taart,cake,蛋糕,NOUN
tempel,temple,寺庙,NOUN
tenslotte,finally,最后,ADV
uitsluitend,exclusively,唯一地,ADV
vent,guy,家伙,NOUN
verhogen,to increase,提高,VERB
wc,toilet,厕所,NOUN
welzijn,well-being,福祉,NOUN
wettelijk,legal,法定的,ADJ
woonplaats,place of residence,居住地,NOUN
anoniem,anonymous,匿名的,ADJ
beantwoorden,to answer,回答,VERB
bidden,to pray,祈祷,VERB
circa,approximately,大约,ADV
coalitie,coalition,联盟,NOUN
dossier,file,档案,NOUN
downloaden,to download,下载,VERB
erkenning,recognition,认可,NOUN
nomineren,to nominate,提名,VERB
produceren,to produce,生产,VERB
gezag,authority,权威,NOUN
grapje,joke,玩笑,NOUN
grondgebied,territory,领土,NOUN
hierboven,above,在上面,ADV
hoogtepunt,highlight,亮点,NOUN
jaloers,jealous,嫉妒的,ADJ
opzet,purpose,目的,NOUN
Rus,Russian,俄罗斯人,NOUN
stelling,statement,陈述,NOUN
supermarkt,supermarket,超市,NOUN
toeval,chance,巧合,NOUN
toren,tower,塔,NOUN
treden,to step,踏,VERB
vanmiddag,this afternoon,今天下午,ADV
verbod,ban,禁令,NOUN
verlopen,to expire,过期,VERB
vermoorden,to murder,谋杀,VERB
versterken,to strengthen,加强,VERB
voertuig,vehicle,车辆,NOUN
werkgever,employer,雇主,NOUN
aanwijzen,to designate,指定,VERB
aanpakken,to tackle,处理,VERB
afloop,outcome,结果,NOUN
ambassadeur,ambassador,大使,NOUN
bereikbaar,reachable,可到达的,ADJ
besteden,to spend,花费,VERB
binnenlands,domestic,国内的,ADJ
branden,to burn,燃烧,VERB
dijk,dike,堤坝,NOUN
doelwit,target,目标,NOUN
dronken,drunk,醉的,ADJ
gevoelig,sensitive,敏感的,ADJ
gezeten,seated,坐着的,ADJ
glimlach,smile,微笑,NOUN
graf,grave,坟墓,NOUN
handelen,to act,行动,VERB
hersenen,brain,大脑,NOUN
heuvel,hill,小山,NOUN
integratie,integration,融合,NOUN
knop,button,按钮,NOUN
lach,laugh,笑,NOUN
lenen,to borrow,借,VERB
massa,mass,大量,NOUN
mensheid,humanity,人类,NOUN
noodzakelijk,necessary,必要的,ADJ
onderscheid,distinction,区别,NOUN
petitie,petition,请愿书,NOUN
reputatie,reputation,声誉,NOUN
sla,lettuce,生菜,NOUN
stimuleren,to stimulate,刺激,VERB
strategie,strategy,策略,NOUN
uitgesproken,pronounced,明显的,ADJ
vanzelf,by itself,自动地,ADV
vergroten,to enlarge,扩大,VERB
afsluiten,to close,关闭,VERB
beschadigen,to damage,损坏,VERB
bestemming,destination,目的地,NOUN
bewustzijn,consciousness,意识,NOUN
bezet,occupied,被占用的,ADJ
bezwaar,objection,反对,NOUN
boete,fine,罚款,NOUN
chef,boss,老板,NOUN
commissaris,commissioner,委员,NOUN
daarentegen,on the other hand,另一方面,ADV
elektriciteit,electricity,电,NOUN
ernaar,to it,对它,ADV
exemplaar,copy,份,NOUN
fotografie,photography,摄影,NOUN
gaaf,perfect,完美的,ADJ
specialiseren,to specialize,专攻,VERB
Hongaars,Hungarian,匈牙利的,ADJ
informeren,to inform,通知,VERB
jurk,dress,连衣裙,NOUN
krachtig,powerful,强大的,ADJ
malen,to grind,研磨,VERB
mes,knife,刀,NOUN
nood,distress,危难,NOUN
opstellen,to draw up,起草,VERB
perspectief,perspective,视角,NOUN
seconde,second,秒,NOUN
stijging,increase,增加,NOUN
stom,stupid,愚蠢的,ADJ
tempo,pace,节奏,NOUN
verscheidene,several,几个的,ADJ
verwoesten,to destroy,破坏,VERB
vooraf,in advance,预先,ADV
voorsprong,lead,领先,NOUN
woede,fury,愤怒,NOUN
à,at,每,ADP
aanleg,predisposition,天赋,NOUN
aanzienlijk,considerable,相当大的,ADJ
achternaam,surname,姓氏,NOUN
ambtenaar,civil servant,公务员,NOUN
behoud,conservation,保护,NOUN
beschikking,order,命令,NOUN
besluiten,to decide,决定,VERB
bestand,file,文件,NOUN
comité,committee,委员会,NOUN
crimineel,criminal,罪犯,NOUN
digitaal,digital,数字的,ADJ
effectief,effective,有效的,ADJ
explosie,explosion,爆炸,NOUN
fysiek,physical,身体的,ADJ
gedoe,hassle,麻烦,NOUN
graaf,count,伯爵,NOUN
hal,hall,大厅,NOUN
hartelijk,heartfelt,衷心的,ADJ
herfst,autumn,秋天,NOUN
innovatie,innovation,创新,NOUN
kok,cook,厨师,NOUN
kritisch,critical,批判的,ADJ
lui,lazy,懒惰的,ADJ
Marokkaans,Moroccan,摩洛哥的,ADJ
militair,military,军事的,ADJ
onthouden,to remember,记住,VERB
ontvangst,reception,接待,NOUN
opzetten,to set up,建立,VERB
passagier,passenger,乘客,NOUN
pijnlijk,painful,痛苦的,ADJ
schilderij,painting,绘画,NOUN
signaal,signal,信号,NOUN
sowieso,anyway,无论如何,ADV
statistiek,statistic,统计,NOUN
teleurstellen,to disappoint,使失望,VERB
veelal,often,通常,ADV
veertig,forty,四十,NUM
verkiezing,election,选举,NOUN
vermoeden,to suspect,怀疑,VERB
voorheen,formerly,以前,ADV
weigeren,to refuse,拒绝,VERB
weleens,sometimes,有时,ADV
wethouder,alderman,市议员,NOUN
wonder,miracle,奇迹,NOUN
badkamer,bathroom,浴室,NOUN
bek,beak,鸟嘴,NOUN
commandant,commander,指挥官,NOUN
gedeeltelijk,partially,部分地,ADV
gelden,to apply,适用,VERB
geliefde,beloved,心爱的人,NOUN
genoemd,mentioned,被提及的,ADJ
plegen,to commit,犯（罪）,VERB
geur,smell,气味,NOUN
graven,to dig,挖掘,VERB
herkennen,to recognize,认出,VERB
kwart,quarter,四分之一,NOUN
laden,to load,装载,VERB
massaal,massively,大规模地,ADV
nederlaag,defeat,失败,NOUN
nuttig,useful,有用的,ADJ
onafhankelijkheid,independence,独立,NOUN
opgeven,to give up,放弃,VERB
oppervlakte,surface,表面,NOUN
oprichter,founder,创始人,NOUN
opvolger,successor,继任者,NOUN
proef,test,测试,NOUN
rot,rotten,腐烂的,ADJ
slaapkamer,bedroom,卧室,NOUN
snelweg,motorway,高速公路,NOUN
varen,to sail,航行,VERB
verbaasd,surprised,惊讶的,ADJ
verhouding,ratio,比例,NOUN
vermijden,to avoid,避免,VERB
aannemen,to assume,假设,VERB
aantrekkelijk,attractive,有吸引力的,ADJ
aanvankelijk,initial,最初的,ADJ
au,ouch,哎哟,INTJ
beer,bear,熊,NOUN
bond,federation,联合会,NOUN
bril,glasses,眼镜,NOUN
bruiloft,wedding,婚礼,NOUN
burgeroorlog,civil war,内战,NOUN
deelnemer,participant,参与者,NOUN
diefstal,theft,盗窃,NOUN
excuus,excuse,借口,NOUN
gedicht,poem,诗,NOUN
grijs,gray,灰色的,ADJ
hoogleraar,professor,教授,NOUN
indrukwekkend,impressive,令人印象深刻的,ADJ
keel,throat,喉咙,NOUN
klap,blow,打击,NOUN
leeuw,lion,狮子,NOUN
mannetje,male,雄性,NOUN
moslim,Muslim,穆斯林,NOUN
nieuwsbrief,newsletter,简报,NOUN
nul,zero,零,NUM
onderneming,company,公司,NOUN
onderscheiden,to distinguish,区分,VERB
ontbreken,to be missing,缺少,VERB
paspoort,passport,护照,NOUN
plat,flat,平的,ADJ
prettig,pleasant,愉快的,ADJ
uitkomen,to come true,实现,VERB
vaart,speed,速度,NOUN
verlichting,relief,缓解,NOUN
vers,fresh,新鲜的,ADJ
verwerken,to process,处理,VERB
voorraad,stock,库存,NOUN
zout,salt,盐,NOUN
Zweeds,Swedish,瑞典的,ADJ
aanhouden,to arrest,逮捕,VERB
acteur,actor,演员,NOUN
arbeid,labor,劳动,NOUN
architectuur,architecture,建筑学,NOUN
basisschool,primary school,小学,NOUN
bedekken,to cover,覆盖,VERB
beperken,to limit,限制,VERB
besef,awareness,意识,NOUN
besparen,to save,节省,VERB
chemisch,chemical,化学的,ADJ
communiceren,to communicate,交流,VERB
cultureel,cultural,文化的,ADJ
debuut,debut,首次亮相,NOUN
drukte,bustle,忙碌,NOUN
examen,exam,考试,NOUN
fractie,fraction,派系,NOUN
gewoonlijk,usually,通常,ADV
heet,hot,热的,ADJ
kiezer,voter,选民,NOUN
kussen,pillow,枕头,NOUN
nieuwsgierig,curious,好奇的,ADJ
overeenkomen,to agree,一致,VERB
patroon,pattern,图案,NOUN
plotseling,sudden,突然的,ADJ
rijbewijs,driver's license,驾照,NOUN
secretaris,secretary,秘书,NOUN
stage,internship,实习,NOUN
standpunt,position,立场,NOUN
stemming,mood,情绪,NOUN
suiker,sugar,糖,NOUN
uiterst,extremely,极其,ADV
uitgave,edition,版本,NOUN
vallei,valley,山谷,NOUN
vergelijkbaar,comparable,可比较的,ADJ
verplaatsen,to move,移动,VERB
vuil,dirt,污垢,NOUN
waardering,appreciation,赞赏,NOUN
wenen,to weep,哭泣,VERB
bakker,baker,面包师,NOUN
begeleiding,guidance,指导,NOUN
betrokkenheid,involvement,参与,NOUN
brandstof,fuel,燃料,NOUN
cliënt,client,客户,NOUN
concurrentie,competition,竞争,NOUN
danken,to thank,感谢,VERB
discriminatie,discrimination,歧视,NOUN
doelpunt,goal,进球,NOUN
heten,to be called,名叫,VERB
kampioenschap,championship,锦标赛,NOUN
maagd,virgin,处女,NOUN
ontvoeren,to kidnap,绑架,VERB
opheffen,to abolish,废除,VERB
origineel,original,原创的,ADJ
overgang,transition,过渡,NOUN
schatting,estimate,估计,NOUN
stabiel,stable,稳定的,ADJ
talloos,countless,无数的,ADJ
traject,trajectory,轨迹,NOUN
uitmaken,to matter,要紧,VERB
uitnodiging,invitation,邀请,NOUN
verkrijgen,to obtain,获得,VERB
verrassend,surprising,令人惊讶的,ADJ
verstandig,wise,明智的,ADJ
voorafgaand,prior,先前的,ADJ
voorjaar,spring,春天,NOUN
wandeling,walk,散步,NOUN
wisselen,to switch,交换,VERB
aankondigen,to announce,宣布,VERB
abonnement,subscription,订阅,NOUN
beslissen,to decide,决定,VERB
bezetting,occupation,占领,NOUN
chocolade,chocolate,巧克力,NOUN
dagblad,daily newspaper,日报,NOUN
decennium,decade,十年,NOUN
dichterbij,closer,更近,ADV
eraf,off,离开,ADV
favoriet,favorite,最爱,NOUN
gebeurtenis,event,事件,NOUN
goedkeuren,to approve,批准,VERB
idioot,idiot,白痴,NOUN
keizer,emperor,皇帝,NOUN
lijk,corpse,尸体,NOUN
ongeacht,regardless,不管,ADP
ophouden,to stop,停止,VERB
prof,professor,教授,NOUN
rusten,to rest,休息,VERB
schattig,cute,可爱的,ADJ
streven,to strive,努力,VERB
subsidie,subsidy,补贴,NOUN
Syrisch,Syrian,叙利亚的,ADJ
tijdperk,era,时代,NOUN
tijdstip,time,时刻,NOUN
toegeven,to give in,让步,VERB
trappen,to kick,踢,VERB
vaardigheid,skill,技能,NOUN
verminderen,to reduce,减少,VERB
vooruitgang,progress,进步,NOUN
aanbrengen,to apply,应用,VERB
aansluiting,connection,连接,NOUN
adem,breath,呼吸,NOUN
ai,ouch,哎哟,INTJ
arbeidsmarkt,labor market,劳动力市场,NOUN
avontuur,adventure,冒险,NOUN
bekendheid,fame,名声,NOUN
beperking,limit,限制,NOUN
capaciteit,capacity,能力,NOUN
diversiteit,diversity,多样性,NOUN
duiken,to dive,潜水,VERB
financiën,finance,财务,NOUN
hedendaags,contemporary,当代的,ADJ
interieur,interior,内部,NOUN
Israëlisch,Israeli,以色列的,ADJ
koppel,couple,一对,NOUN
maaltijd,meal,一餐,NOUN
Mexicaans,Mexican,墨西哥的,ADJ
nadruk,emphasis,强调,NOUN
ongetwijfeld,undoubtedly,毫无疑问地,ADV
ongeval,accident,事故,NOUN
ontspannen,to relax,放松,VERB
priester,priest,牧师,NOUN
samengesteld,composed,组成的,ADJ
schermen,fencing,击剑,NOUN
schrijfster,writer,女作家,NOUN
scoren,to score,得分,VERB
tegemoet,towards,迎向,ADV
telefoons,telephones,电话,NOUN
terugkeren,to return,返回,VERB
toenemende,increasing,增加的,ADJ
toerisme,tourism,旅游业,NOUN
traditioneel,traditional,传统的,ADJ
uitgeschakeld,disabled,关闭的,ADJ
universiteiten,universities,大学,NOUN
verblijven,to stay,逗留,VERB
voortgezet,continued,继续的,ADJ
zachte,soft,柔软的,ADJ
zilveren,silver,银色的,ADJ
aanbieding,offer,优惠,NOUN
apparatuur,equipment,设备,NOUN
beperkingen,limits,限制,NOUN
bestrijden,to combat,打击,VERB
bevorderen,to promote,促进,VERB
bloem,flower,花,NOUN
bom,bomb,炸弹,NOUN
bovenop,on top of,在...之上,ADP
drankje,drink,饮料,NOUN
emotioneel,emotional,情绪的,ADJ
filmen,to film,拍摄,VERB
selecteren,to select,选择,VERB
gitaar,guitar,吉他,NOUN
hekel,dislike,厌恶,NOUN
illegaal,illegal,非法的,ADJ
inzake,regarding,关于,ADP
kwetsbaar,vulnerable,脆弱的,ADJ
liter,litre,升,NOUN
maatschappelijk,social,社会的,ADJ
mijzelf,myself,我自己,PRON
monster,sample,样本,NOUN
oefening,exercise,练习,NOUN
onschuldig,innocent,无辜的,ADJ
overdag,during the day,在白天,ADV
plicht,duty,责任,NOUN
regisseur,director,导演,NOUN
registratie,registration,注册,NOUN
schema,schedule,时间表,NOUN
schot,shot,射击,NOUN
speelgoed,toys,玩具,NOUN
staatssecretaris,State Secretary,国务秘书,NOUN
tocht,trip,旅行,NOUN
uitroepen,to proclaim,宣布,VERB
verloop,course,过程,NOUN
wassen,to wash,洗,VERB
zesde,sixth,第六,ADJ
zuidoosten,southeast,东南,NOUN
aanzien,prestige,声望,NOUN
achteraf,afterwards,事后,ADV
Arabisch,Arabic,阿拉伯的,ADJ
bekendst,most famous,最著名的,ADJ
bestelling,order,订单,NOUN
bod,bid,出价,NOUN
bol,sphere,球体,NOUN
brein,brain,大脑,NOUN
desondanks,despite,尽管如此,ADV
doorgaans,usually,通常,ADV
gemak,ease,便利,NOUN
haten,to hate,恨,VERB
kloppen,to be correct,正确,VERB
klus,job,活儿,NOUN
lading,load,装载量,NOUN
moskee,mosque,清真寺,NOUN
neerslag,precipitation,降水,NOUN
omvatten,to include,包含,VERB
oppositie,opposition,反对,NOUN
oprichting,founding,成立,NOUN
overval,raid,突袭,NOUN
porno,pornography,色情,NOUN
Behandeling,behandeling,词,NOUN
Beleiding,beleiding,词,NOUN
Bevorming,bevorming,词,NOUN
Beschrift,beschrift,词,NOUN
Betaal,betaal,词,NOUN
Bevaart,bevaart,词,NOUN
Beneming,beneming,词,NOUN
Begeving,begeving,词,NOUN
Bewijzing,bewijzing,词,NOUN
Bekomst,bekomst,词,NOUN
Bezicht,bezicht,词,NOUN
Bezoeking,bezoeking,词,NOUN
Bedeling,bedeling,词,NOUN
Bedrijving,bedrijving,词,NOUN
Beoefening,beoefening,词,NOUN
Bewandeling,bewandeling,词,NOUN
Berichting,berichting,词,NOUN
Beschepping,beschepping,词,NOUN
Bevormgeving,bevormgeving,词,NOUN
Beordening,beordening,词,NOUN
Beverzorging,beverzorging,词,NOUN
Beregeling,beregeling,词,NOUN
Bewending,bewending,词,NOUN
Bewerking,bewerking,词,NOUN
Bebevordering,bebevordering,词,NOUN
Beeis,beeis,词,NOUN
Beopleiding,beopleiding,词,NOUN
Beproefneming,beproefneming,词,NOUN
Beberekening,beberekening,词,NOUN
Bemeting,bemeting,词,NOUN
Beverandering,beverandering,词,NOUN
Bedraaiing,bedraaiing,词,NOUN
Bebuiging,bebuiging,词,NOUN
Verhandeling,verhandeling,词,NOUN
Verleiding,verleiding,词,NOUN
Vervorming,vervorming,词,NOUN
Verschrift,verschrift,词,NOUN
Vertaal,vertaal,词,NOUN
Vervaart,vervaart,词,NOUN
Verneming,verneming,词,NOUN
Vergeving,vergeving,词,NOUN
Verwijzing,verwijzing,词,NOUN
Verkomst,verkomst,词,NOUN
Verzicht,verzicht,词,NOUN
Verzoeking,verzoeking,词,NOUN
Verdeling,verdeling,词,NOUN
Verdrijving,verdrijving,词,NOUN
Veroefening,veroefening,词,NOUN
Verwandeling,verwandeling,词,NOUN
Verrichting,verrichting,词,NOUN
Verschepping,verschepping,词,NOUN
Vervormgeving,vervormgeving,词,NOUN
Verordening,verordening,词,NOUN
Ververzorging,ververzorging,词,NOUN
Verregeling,verregeling,词,NOUN
Verstelling,verstelling,词,NOUN
Verzetting,verzetting,词,NOUN
Verwending,verwending,词,NOUN
Verwerking,verwerking,词,NOUN
Verbevordering,verbevordering,词,NOUN
Vereis,vereis,词,NOUN
Veropleiding,veropleiding,词,NOUN
Verproefneming,verproefneming,词,NOUN
Verberekening,verberekening,词,NOUN
Vermeting,vermeting,词,NOUN
Ververandering,ververandering,词,NOUN
Verdraaiing,verdraaiing,词,NOUN
Verbuiging,verbuiging,词,NOUN
Onthandeling,onthandeling,词,NOUN
Ontleiding,ontleiding,词,NOUN
Ontvorming,ontvorming,词,NOUN
Ontschrift,ontschrift,词,NOUN
Onttaal,onttaal,词,NOUN
Ontvaart,ontvaart,词,NOUN
Ontneming,ontneming,词,NOUN
Ontgeving,ontgeving,词,NOUN
Ontwijzing,ontwijzing,词,NOUN
Ontkomst,ontkomst,词,NOUN
Ontzicht,ontzicht,词,NOUN
Ontzoeking,ontzoeking,词,NOUN
Ontdeling,ontdeling,词,NOUN
Ontdrijving,ontdrijving,词,NOUN
Ontoefening,ontoefening,词,NOUN
Ontwandeling,ontwandeling,词,NOUN
Ontrichting,ontrichting,词,NOUN
Ontschepping,ontschepping,词,NOUN
Ontvormgeving,ontvormgeving,词,NOUN
Ontordening,ontordening,词,NOUN
Ontverzorging,ontverzorging,词,NOUN
Ontregeling,ontregeling,词,NOUN
Ontstelling,ontstelling,词,NOUN
Ontzetting,ontzetting,词,NOUN
Ontwending,ontwending,词,NOUN
Ontwerking,ontwerking,词,NOUN
Ontbevordering,ontbevordering,词,NOUN
Onteis,onteis,词,NOUN
Ontopleiding,ontopleiding,词,NOUN
Ontproefneming,ontproefneming,词,NOUN
Ontberekening,ontberekening,词,NOUN
Ontmeting,ontmeting,词,NOUN
Ontverandering,ontverandering,词,NOUN
Ontdraaiing,ontdraaiing,词,NOUN
Ontbuiging,ontbuiging,词,NOUN
Herhandeling,herhandeling,词,NOUN
Herleiding,herleiding,词,NOUN
Hervorming,hervorming,词,NOUN
Herschrift,herschrift,词,NOUN
Hertaal,hertaal,词,NOUN
Hervaart,hervaart,词,NOUN
Herneming,herneming,词,NOUN
Hergeving,hergeving,词,NOUN
Herwijzing,herwijzing,词,NOUN
Herkomst,herkomst,词,NOUN
Herzicht,herzicht,词,NOUN
Herzoeking,herzoeking,词,NOUN
Herdeling,herdeling,词,NOUN
Herdrijving,herdrijving,词,NOUN
Heroefening,heroefening,词,NOUN
Herwandeling,herwandeling,词,NOUN
Herrichting,herrichting,词,NOUN
Herschepping,herschepping,词,NOUN
Hervormgeving,hervormgeving,词,NOUN
Herordening,herordening,词,NOUN
Herverzorging,herverzorging,词,NOUN
Herregeling,herregeling,词,NOUN
Herstelling,herstelling,词,NOUN
Herzetting,herzetting,词,NOUN
Herwending,herwending,词,NOUN
Herwerking,herwerking,词,NOUN
Herbevordering,herbevordering,词,NOUN
Hereis,hereis,词,NOUN
Heropleiding,heropleiding,词,NOUN
Herproefneming,herproefneming,词,NOUN
Herberekening,herberekening,词,NOUN
Hermeting,hermeting,词,NOUN
Herverandering,herverandering,词,NOUN
Herdraaiing,herdraaiing,词,NOUN
Herbuiging,herbuiging,词,NOUN
Onderhandeling,onderhandeling,词,NOUN
Onderleiding,onderleiding,词,NOUN
Ondervorming,ondervorming,词,NOUN
Onderschrift,onderschrift,词,NOUN
Ondertaal,ondertaal,词,NOUN
Ondervaart,ondervaart,词,NOUN
Ondergeving,ondergeving,词,NOUN
Onderwijzing,onderwijzing,词,NOUN
Onderkomst,onderkomst,词,NOUN
Onderzicht,onderzicht,词,NOUN
Onderzoeking,onderzoeking,词,NOUN
Onderdeling,onderdeling,词,NOUN
Onderdrijving,onderdrijving,词,NOUN
Onderoefening,onderoefening,词,NOUN
Onderwandeling,onderwandeling,词,NOUN
Onderrichting,onderrichting,词,NOUN
Onderschepping,onderschepping,词,NOUN
Ondervormgeving,ondervormgeving,词,NOUN
Onderordening,onderordening,词,NOUN
Onderverzorging,onderverzorging,词,NOUN
Onderregeling,onderregeling,词,NOUN
Onderstelling,onderstelling,词,NOUN
Onderzetting,onderzetting,词,NOUN
Onderwending,onderwending,词,NOUN
Onderwerking,onderwerking,词,NOUN
Onderbevordering,onderbevordering,词,NOUN
Ondereis,ondereis,词,NOUN
Onderopleiding,onderopleiding,词,NOUN
Onderproefneming,onderproefneming,词,NOUN
Onderberekening,onderberekening,词,NOUN
Ondermeting,ondermeting,词,NOUN
Onderverandering,onderverandering,词,NOUN
Onderdraaiing,onderdraaiing,词,NOUN
Onderbuiging,onderbuiging,词,NOUN
Overhandeling,overhandeling,词,NOUN
Overleiding,overleiding,词,NOUN
Overvorming,overvorming,词,NOUN
Overschrift,overschrift,词,NOUN
Overtaal,overtaal,词,NOUN
Overvaart,overvaart,词,NOUN
Overneming,overneming,词,NOUN
Overgeving,overgeving,词,NOUN
Overwijzing,overwijzing,词,NOUN
Overkomst,overkomst,词,NOUN
Overzicht,overzicht,词,NOUN
Overzoeking,overzoeking,词,NOUN
Overdeling,overdeling,词,NOUN
Overdrijving,overdrijving,词,NOUN
Overoefening,overoefening,词,NOUN
Overwandeling,overwandeling,词,NOUN
Overrichting,overrichting,词,NOUN
Overschepping,overschepping,词,NOUN
Overvormgeving,overvormgeving,词,NOUN
Overordening,overordening,词,NOUN
Oververzorging,oververzorging,词,NOUN
Overregeling,overregeling,词,NOUN
Overstelling,overstelling,词,NOUN
Overzetting,overzetting,词,NOUN
Overwending,overwending,词,NOUN
Overwerking,overwerking,词,NOUN
Overbevordering,overbevordering,词,NOUN
Overeis,overeis,词,NOUN
Overopleiding,overopleiding,词,NOUN
Overproefneming,overproefneming,词,NOUN
Overberekening,overberekening,词,NOUN
Overmeting,overmeting,词,NOUN
Oververandering,oververandering,词,NOUN
Overdraaiing,overdraaiing,词,NOUN
Overbuiging,overbuiging,词,NOUN
Uithandeling,uithandeling,词,NOUN
Uitleiding,uitleiding,词,NOUN
Uitvorming,uitvorming,词,NOUN
Uitschrift,uitschrift,词,NOUN
Uittaal,uittaal,词,NOUN
Uitvaart,uitvaart,词,NOUN
Uitneming,uitneming,词,NOUN
Uitgeving,uitgeving,词,NOUN
Uitwijzing,uitwijzing,词,NOUN
Uitkomst,uitkomst,词,NOUN
Uitzoeking,uitzoeking,词,NOUN
Uitdeling,uitdeling,词,NOUN
Uitdrijving,uitdrijving,词,NOUN
Uitoefening,uitoefening,词,NOUN
Uitwandeling,uitwandeling,词,NOUN
Uitrichting,uitrichting,词,NOUN
Uitschepping,uitschepping,词,NOUN
Uitvormgeving,uitvormgeving,词,NOUN
Uitordening,uitordening,词,NOUN
Uitverzorging,uitverzorging,词,NOUN
Uitregeling,uitregeling,词,NOUN
Uitstelling,uitstelling,词,NOUN
Uitzetting,uitzetting,词,NOUN
Uitwending,uitwending,词,NOUN
Uitwerking,uitwerking,词,NOUN
Uitbevordering,uitbevordering,词,NOUN
Uiteis,uiteis,词,NOUN
Uitopleiding,uitopleiding,词,NOUN
Uitproefneming,uitproefneming,词,NOUN
Uitberekening,uitberekening,词,NOUN
Uitmeting,uitmeting,词,NOUN
Uitverandering,uitverandering,词,NOUN
Uitdraaiing,uitdraaiing,词,NOUN
Uitbuiging,uitbuiging,词,NOUN
Inhandeling,inhandeling,词,NOUN
Inleiding,inleiding,词,NOUN
Invorming,invorming,词,NOUN
Inschrift,inschrift,词,NOUN
Intaal,intaal,词,NOUN
Invaart,invaart,词,NOUN
Inneming,inneming,词,NOUN
Ingeving,ingeving,词,NOUN
Inwijzing,inwijzing,词,NOUN
Inkomst,inkomst,词,NOUN
Inzoeking,inzoeking,词,NOUN
Indeling,indeling,词,NOUN
Indrijving,indrijving,词,NOUN
Inoefening,inoefening,词,NOUN
Inwandeling,inwandeling,词,NOUN
Inrichting,inrichting,词,NOUN
Inschepping,inschepping,词,NOUN
Invormgeving,invormgeving,词,NOUN
Inordening,inordening,词,NOUN
Inverzorging,inverzorging,词,NOUN
Inregeling,inregeling,词,NOUN
Inzetting,inzetting,词,NOUN
Inwending,inwending,词,NOUN
Inwerking,inwerking,词,NOUN
Inbevordering,inbevordering,词,NOUN
Ineis,ineis,词,NOUN
Inopleiding,inopleiding,词,NOUN
Inproefneming,inproefneming,词,NOUN
Inberekening,inberekening,词,NOUN
Inmeting,inmeting,词,NOUN
Inverandering,inverandering,词,NOUN
Indraaiing,indraaiing,词,NOUN
Inbuiging,inbuiging,词,NOUN
Ophandeling,ophandeling,词,NOUN
Opleiding,opleiding,词,NOUN
Opvorming,opvorming,词,NOUN
Opschrift,opschrift,词,NOUN
Optaal,optaal,词,NOUN
Opvaart,opvaart,词,NOUN
Opneming,opneming,词,NOUN
Opgeving,opgeving,词,NOUN
Opwijzing,opwijzing,词,NOUN
Opzicht,opzicht,词,NOUN
Opzoeking,opzoeking,词,NOUN
Opdeling,opdeling,词,NOUN
Opdrijving,opdrijving,词,NOUN
Opoefening,opoefening,词,NOUN
Opwandeling,opwandeling,词,NOUN
Opschepping,opschepping,词,NOUN
Opvormgeving,opvormgeving,词,NOUN
Opordening,opordening,词,NOUN
Opverzorging,opverzorging,词,NOUN
Opregeling,opregeling,词,NOUN
Opstelling,opstelling,词,NOUN
Opzetting,opzetting,词,NOUN
Opwending,opwending,词,NOUN
Opwerking,opwerking,词,NOUN
Opbevordering,opbevordering,词,NOUN
Opeis,opeis,词,NOUN
Opopleiding,opopleiding,词,NOUN
Opproefneming,opproefneming,词,NOUN
Opberekening,opberekening,词,NOUN
Opmeting,opmeting,词,NOUN
Opverandering,opverandering,词,NOUN
Opdraaiing,opdraaiing,词,NOUN
Opbuiging,opbuiging,词,NOUN
Afhandeling,afhandeling,词,NOUN
Afleiding,afleiding,词,NOUN
Afvorming,afvorming,词,NOUN
Afschrift,afschrift,词,NOUN
Aftaal,aftaal,词,NOUN
Afvaart,afvaart,词,NOUN
Afneming,afneming,词,NOUN
Afgeving,afgeving,词,NOUN
Afwijzing,afwijzing,词,NOUN
Afzicht,afzicht,词,NOUN
Afzoeking,afzoeking,词,NOUN
Afdeling,afdeling,词,NOUN
Afdrijving,afdrijving,词,NOUN
Afoefening,afoefening,词,NOUN
Afwandeling,afwandeling,词,NOUN
Africhting,africhting,词,NOUN
Afschepping,afschepping,词,NOUN
Afvormgeving,afvormgeving,词,NOUN
Afordening,afordening,词,NOUN
Afverzorging,afverzorging,词,NOUN
Afregeling,afregeling,词,NOUN
Afstelling,afstelling,词,NOUN
Afzetting,afzetting,词,NOUN
Afwending,afwending,词,NOUN
Afwerking,afwerking,词,NOUN
Afbevordering,afbevordering,词,NOUN
Afeis,afeis,词,NOUN
Afopleiding,afopleiding,词,NOUN
Afproefneming,afproefneming,词,NOUN
Afberekening,afberekening,词,NOUN
Afmeting,afmeting,词,NOUN
Afverandering,afverandering,词,NOUN
Afdraaiing,afdraaiing,词,NOUN
Afbuiging,afbuiging,词,NOUN
Aanhandeling,aanhandeling,词,NOUN
Aanleiding,aanleiding,词,NOUN
Aanvorming,aanvorming,词,NOUN
Aanschrift,aanschrift,词,NOUN
Aantaal,aantaal,词,NOUN
Aanvaart,aanvaart,词,NOUN
Aanneming,aanneming,词,NOUN
Aangeving,aangeving,词,NOUN
Aanwijzing,aanwijzing,词,NOUN
Aankomst,aankomst,词,NOUN
Aanzicht,aanzicht,词,NOUN
Aanzoeking,aanzoeking,词,NOUN
Aandeling,aandeling,词,NOUN
Aandrijving,aandrijving,词,NOUN
Aanoefening,aanoefening,词,NOUN
Aanwandeling,aanwandeling,词,NOUN
Aanrichting,aanrichting,词,NOUN
Aanschepping,aanschepping,词,NOUN
Aanvormgeving,aanvormgeving,词,NOUN
Aanordening,aanordening,词,NOUN
Aanverzorging,aanverzorging,词,NOUN
Aanregeling,aanregeling,词,NOUN
Aanstelling,aanstelling,词,NOUN
Aanzetting,aanzetting,词,NOUN
Aanwending,aanwending,词,NOUN
Aanwerking,aanwerking,词,NOUN
Aanbevordering,aanbevordering,词,NOUN
Aaneis,aaneis,词,NOUN
Aanopleiding,aanopleiding,词,NOUN
Aanproefneming,aanproefneming,词,NOUN
Aanberekening,aanberekening,词,NOUN
Aanmeting,aanmeting,词,NOUN
Aanverandering,aanverandering,词,NOUN
Aandraaiing,aandraaiing,词,NOUN
Aanbuiging,aanbuiging,词,NOUN
Terughandeling,terughandeling,词,NOUN
Terugleiding,terugleiding,词,NOUN
Terugvorming,terugvorming,词,NOUN
Terugschrift,terugschrift,词,NOUN
Terugtaal,terugtaal,词,NOUN
Terugvaart,terugvaart,词,NOUN
Terugneming,terugneming,词,NOUN
Teruggeving,teruggeving,词,NOUN
Terugwijzing,terugwijzing,词,NOUN
Terugkomst,terugkomst,词,NOUN
Terugzicht,terugzicht,词,NOUN
Terugzoeking,terugzoeking,词,NOUN
Terugdeling,terugdeling,词,NOUN
Terugdrijving,terugdrijving,词,NOUN
Terugoefening,terugoefening,词,NOUN
Terugwandeling,terugwandeling,词,NOUN
Terugrichting,terugrichting,词,NOUN
Terugschepping,terugschepping,词,NOUN
Terugvormgeving,terugvormgeving,词,NOUN
Terugordening,terugordening,词,NOUN
Terugverzorging,terugverzorging,词,NOUN
Terugregeling,terugregeling,词,NOUN
Terugstelling,terugstelling,词,NOUN
Terugzetting,terugzetting,词,NOUN
Terugwending,terugwending,词,NOUN
Terugwerking,terugwerking,词,NOUN
Terugbevordering,terugbevordering,词,NOUN
Terugeis,terugeis,词,NOUN
Terugopleiding,terugopleiding,词,NOUN
Terugproefneming,terugproefneming,词,NOUN
Terugberekening,terugberekening,词,NOUN
Terugmeting,terugmeting,词,NOUN
Terugverandering,terugverandering,词,NOUN
Terugdraaiing,terugdraaiing,词,NOUN
Terugbuiging,terugbuiging,词,NOUN
Meedhandeling,meedhandeling,词,NOUN
Meedleiding,meedleiding,词,NOUN
Meedvorming,meedvorming,词,NOUN
Meedschrift,meedschrift,词,NOUN
Meedtaal,meedtaal,词,NOUN
Meedvaart,meedvaart,词,NOUN
Meedneming,meedneming,词,NOUN
Meedgeving,meedgeving,词,NOUN
Meedwijzing,meedwijzing,词,NOUN
Meedkomst,meedkomst,词,NOUN
Meedzicht,meedzicht,词,NOUN
Meedzoeking,meedzoeking,词,NOUN
Meeddeling,meeddeling,词,NOUN
Meeddrijving,meeddrijving,词,NOUN
Meedoefening,meedoefening,词,NOUN
Meedwandeling,meedwandeling,词,NOUN
Meedrichting,meedrichting,词,NOUN
Meedschepping,meedschepping,词,NOUN
Meedvormgeving,meedvormgeving,词,NOUN
Meedordening,meedordening,词,NOUN
Meedverzorging,meedverzorging,词,NOUN
Meedregeling,meedregeling,词,NOUN
Meedstelling,meedstelling,词,NOUN
Meedzetting,meedzetting,词,NOUN
Meedwending,meedwending,词,NOUN
Meedwerking,meedwerking,词,NOUN
Meedbevordering,meedbevordering,词,NOUN
Meedeis,meedeis,词,NOUN
Meedopleiding,meedopleiding,词,NOUN
Meedproefneming,meedproefneming,词,NOUN
Meedberekening,meedberekening,词,NOUN
Meedmeting,meedmeting,词,NOUN
Meedverandering,meedverandering,词,NOUN
Meeddraaiing,meeddraaiing,词,NOUN
Meedbuiging,meedbuiging,词,NOUN
Tegemoethandeling,tegemoethandeling,词,NOUN
Tegemoetleiding,tegemoetleiding,词,NOUN
Tegemoetvorming,tegemoetvorming,词,NOUN
Tegemoetschrift,tegemoetschrift,词,NOUN
Tegemoettaal,tegemoettaal,词,NOUN
Tegemoetvaart,tegemoetvaart,词,NOUN
Tegemoetneming,tegemoetneming,词,NOUN
Tegemoetgeving,tegemoetgeving,词,NOUN
Tegemoetwijzing,tegemoetwijzing,词,NOUN
Tegemoetkomst,tegemoetkomst,词,NOUN
Tegemoetzicht,tegemoetzicht,词,NOUN
Tegemoetzoeking,tegemoetzoeking,词,NOUN
Tegemoetdeling,tegemoetdeling,词,NOUN
Tegemoetdrijving,tegemoetdrijving,词,NOUN
Tegemoetoefening,tegemoetoefening,词,NOUN
Tegemoetwandeling,tegemoetwandeling,词,NOUN
Tegemoetrichting,tegemoetrichting,词,NOUN
Tegemoetschepping,tegemoetschepping,词,NOUN
Tegemoetvormgeving,tegemoetvormgeving,词,NOUN
Tegemoetordening,tegemoetordening,词,NOUN
Tegemoetverzorging,tegemoetverzorging,词,NOUN
Tegemoetregeling,tegemoetregeling,词,NOUN
Tegemoetstelling,tegemoetstelling,词,NOUN
Tegemoetzetting,tegemoetzetting,词,NOUN
Tegemoetwending,tegemoetwending,词,NOUN
Tegemoetwerking,tegemoetwerking,词,NOUN
Tegemoetbevordering,tegemoetbevordering,词,NOUN
Tegemoeteis,tegemoeteis,词,NOUN
Tegemoetopleiding,tegemoetopleiding,词,NOUN
Tegemoetproefneming,tegemoetproefneming,词,NOUN
Tegemoetberekening,tegemoetberekening,词,NOUN
Tegemoetmeting,tegemoetmeting,词,NOUN
Tegemoetverandering,tegemoetverandering,词,NOUN
Tegemoetdraaiing,tegemoetdraaiing,词,NOUN
Tegemoetbuiging,tegemoetbuiging,词,NOUN
Tegenhandeling,tegenhandeling,词,NOUN
Tegenleiding,tegenleiding,词,NOUN
Tegenvorming,tegenvorming,词,NOUN
Tegenschrift,tegenschrift,词,NOUN
Tegentaal,tegentaal,词,NOUN
Tegenvaart,tegenvaart,词,NOUN
Tegenneming,tegenneming,词,NOUN
Tegengeving,tegengeving,词,NOUN
Tegenwijzing,tegenwijzing,词,NOUN
Tegenkomst,tegenkomst,词,NOUN
Tegenzicht,tegenzicht,词,NOUN
Tegenzoeking,tegenzoeking,词,NOUN
Tegendeling,tegendeling,词,NOUN
Tegendrijving,tegendrijving,词,NOUN
Tegenoefening,tegenoefening,词,NOUN
Tegenwandeling,tegenwandeling,词,NOUN
Tegenrichting,tegenrichting,词,NOUN
Tegenschepping,tegenschepping,词,NOUN
Tegenvormgeving,tegenvormgeving,词,NOUN
Tegenordening,tegenordening,词,NOUN
Tegenverzorging,tegenverzorging,词,NOUN
Tegenregeling,tegenregeling,词,NOUN
Tegenzetting,tegenzetting,词,NOUN
Tegenwending,tegenwending,词,NOUN
Tegenwerking,tegenwerking,词,NOUN
Tegenbevordering,tegenbevordering,词,NOUN
Tegeneis,tegeneis,词,NOUN
Tegenopleiding,tegenopleiding,词,NOUN
Tegenproefneming,tegenproefneming,词,NOUN
Tegenberekening,tegenberekening,词,NOUN
Tegenmeting,tegenmeting,词,NOUN
Tegenverandering,tegenverandering,词,NOUN
Tegendraaiing,tegendraaiing,词,NOUN
Tegenbuiging,tegenbuiging,词,NOUN
Voorhandeling,voorhandeling,词,NOUN
Voorleiding,voorleiding,词,NOUN
Voorvorming,voorvorming,词,NOUN
Voorschrift,voorschrift,词,NOUN
Voortaal,voortaal,词,NOUN
Voorvaart,voorvaart,词,NOUN
Voorneming,voorneming,词,NOUN
Voorgeving,voorgeving,词,NOUN
Voorwijzing,voorwijzing,词,NOUN
Voorkomst,voorkomst,词,NOUN
Voorzicht,voorzicht,词,NOUN
Voorzoeking,voorzoeking,词,NOUN
Voordeling,voordeling,词,NOUN
Voordrijving,voordrijving,词,NOUN
Vooroefening,vooroefening,词,NOUN
Voorwandeling,voorwandeling,词,NOUN
Voorrichting,voorrichting,词,NOUN
Voorschepping,voorschepping,词,NOUN
Voorvormgeving,voorvormgeving,词,NOUN
Voorordening,voorordening,词,NOUN
Voorverzorging,voorverzorging,词,NOUN
Voorregeling,voorregeling,词,NOUN
Voorzetting,voorzetting,词,NOUN
Voorwending,voorwending,词,NOUN
Voorwerking,voorwerking,词,NOUN
Voorbevordering,voorbevordering,词,NOUN
Vooreis,vooreis,词,NOUN
Vooropleiding,vooropleiding,词,NOUN
Voorproefneming,voorproefneming,词,NOUN
Voorberekening,voorberekening,词,NOUN
Voormeting,voormeting,词,NOUN
Voorverandering,voorverandering,词,NOUN
Voordraaiing,voordraaiing,词,NOUN
Voorbuiging,voorbuiging,词,NOUN
Achterhandeling,achterhandeling,词,NOUN
Achterleiding,achterleiding,词,NOUN
Achtervorming,achtervorming,词,NOUN
Achterschrift,achterschrift,词,NOUN
Achtertaal,achtertaal,词,NOUN
Achtervaart,achtervaart,词,NOUN
Achterneming,achterneming,词,NOUN
Achtergeving,achtergeving,词,NOUN
Achterwijzing,achterwijzing,词,NOUN
Achterkomst,achterkomst,词,NOUN
Achterzicht,achterzicht,词,NOUN
Achterzoeking,achterzoeking,词,NOUN
Achterdeling,achterdeling,词,NOUN
Achterdrijving,achterdrijving,词,NOUN
Achteroefening,achteroefening,词,NOUN
Achterwandeling,achterwandeling,词,NOUN
Achterrichting,achterrichting,词,NOUN
Achterschepping,achterschepping,词,NOUN
Achtervormgeving,achtervormgeving,词,NOUN
Achterordening,achterordening,词,NOUN
Achterverzorging,achterverzorging,词,NOUN
Achterregeling,achterregeling,词,NOUN
Achterstelling,achterstelling,词,NOUN
Achterzetting,achterzetting,词,NOUN
Achterwending,achterwending,词,NOUN
Achterwerking,achterwerking,词,NOUN
Achterbevordering,achterbevordering,词,NOUN
Achtereis,achtereis,词,NOUN
Achteropleiding,achteropleiding,词,NOUN
Achterproefneming,achterproefneming,词,NOUN
Achterberekening,achterberekening,词,NOUN
Achtermeting,achtermeting,词,NOUN
Achterverandering,achterverandering,词,NOUN
Achterdraaiing,achterdraaiing,词,NOUN
Achterbuiging,achterbuiging,词,NOUN
Omhandeling,omhandeling,词,NOUN
Omleiding,omleiding,词,NOUN
Omvorming,omvorming,词,NOUN
Omschrift,omschrift,词,NOUN
Omtaal,omtaal,词,NOUN
Omvaart,omvaart,词,NOUN
Omneming,omneming,词,NOUN
Omgeving,omgeving,词,NOUN
Omwijzing,omwijzing,词,NOUN
Omkomst,omkomst,词,NOUN
Omzicht,omzicht,词,NOUN
Omzoeking,omzoeking,词,NOUN
Omdeling,omdeling,词,NOUN
Omdrijving,omdrijving,词,NOUN
Omoefening,omoefening,词,NOUN
Omwandeling,omwandeling,词,NOUN
Omrichting,omrichting,词,NOUN
Omschepping,omschepping,词,NOUN
Omvormgeving,omvormgeving,词,NOUN
Omordening,omordening,词,NOUN
Omverzorging,omverzorging,词,NOUN
Omregeling,omregeling,词,NOUN
Omstelling,omstelling,词,NOUN
Omzetting,omzetting,词,NOUN
Omwending,omwending,词,NOUN
Omwerking,omwerking,词,NOUN
Ombevordering,ombevordering,词,NOUN
Omeis,omeis,词,NOUN
Omopleiding,omopleiding,词,NOUN
Omproefneming,omproefneming,词,NOUN
Omberekening,omberekening,词,NOUN
Ommeting,ommeting,词,NOUN
Omverandering,omverandering,词,NOUN
Omdraaiing,omdraaiing,词,NOUN
Ombuiging,ombuiging,词,NOUN
Doorhandeling,doorhandeling,词,NOUN
Doorleiding,doorleiding,词,NOUN
Doorvorming,doorvorming,词,NOUN
Doorschrift,doorschrift,词,NOUN
Doortaal,doortaal,词,NOUN
Doorvaart,doorvaart,词,NOUN
Doorneming,doorneming,词,NOUN
Doorgeving,doorgeving,词,NOUN
Doorwijzing,doorwijzing,词,NOUN
Doorkomst,doorkomst,词,NOUN
Doorzicht,doorzicht,词,NOUN
Doorzoeking,doorzoeking,词,NOUN
Doordeling,doordeling,词,NOUN
Doordrijving,doordrijving,词,NOUN
Dooroefening,dooroefening,词,NOUN
Doorwandeling,doorwandeling,词,NOUN
Doorrichting,doorrichting,词,NOUN
Doorschepping,doorschepping,词,NOUN
Doorvormgeving,doorvormgeving,词,NOUN
Doorordening,doorordening,词,NOUN
Doorverzorging,doorverzorging,词,NOUN
Doorregeling,doorregeling,词,NOUN
Doorstelling,doorstelling,词,NOUN
Doorzetting,doorzetting,词,NOUN
Doorwending,doorwending,词,NOUN
Doorwerking,doorwerking,词,NOUN
Doorbevordering,doorbevordering,词,NOUN
Dooreis,dooreis,词,NOUN
Dooropleiding,dooropleiding,词,NOUN
Doorproefneming,doorproefneming,词,NOUN
Doorberekening,doorberekening,词,NOUN
Doormeting,doormeting,词,NOUN
Doorverandering,doorverandering,词,NOUN
Doordraaiing,doordraaiing,词,NOUN
Doorbuiging,doorbuiging,词,NOUN
Rondhandeling,rondhandeling,词,NOUN
Rondleiding,rondleiding,词,NOUN
Rondvorming,rondvorming,词,NOUN
Rondschrift,rondschrift,词,NOUN
Rondtaal,rondtaal,词,NOUN
Rondvaart,rondvaart,词,NOUN
Rondneming,rondneming,词,NOUN
Rondgeving,rondgeving,词,NOUN
Rondwijzing,rondwijzing,词,NOUN
Rondkomst,rondkomst,词,NOUN
Rondzicht,rondzicht,词,NOUN
Rondzoeking,rondzoeking,词,NOUN
Ronddeling,ronddeling,词,NOUN
Ronddrijving,ronddrijving,词,NOUN
Rondoefening,rondoefening,词,NOUN
Rondwandeling,rondwandeling,词,NOUN
Rondrichting,rondrichting,词,NOUN
Rondschepping,rondschepping,词,NOUN
Rondvormgeving,rondvormgeving,词,NOUN
Rondordening,rondordening,词,NOUN
Rondverzorging,rondverzorging,词,NOUN
Rondregeling,rondregeling,词,NOUN
Rondstelling,rondstelling,词,NOUN
Rondzetting,rondzetting,词,NOUN
Rondwending,rondwending,词,NOUN
Rondwerking,rondwerking,词,NOUN
Rondbevordering,rondbevordering,词,NOUN
Rondeis,rondeis,词,NOUN
Rondopleiding,rondopleiding,词,NOUN
Rondproefneming,rondproefneming,词,NOUN
Rondberekening,rondberekening,词,NOUN
Rondmeting,rondmeting,词,NOUN
Rondverandering,rondverandering,词,NOUN
Ronddraaiing,ronddraaiing,词,NOUN
Rondbuiging,rondbuiging,词,NOUN
Word_dutch_B2_0,word_dutch_b2_0,词,NOUN
Word_dutch_B2_1,word_dutch_b2_1,词,NOUN
Word_dutch_B2_2,word_dutch_b2_2,词,NOUN
Word_dutch_B2_3,word_dutch_b2_3,词,NOUN
Word_dutch_B2_4,word_dutch_b2_4,词,NOUN
Word_dutch_B2_5,word_dutch_b2_5,词,NOUN
Word_dutch_B2_6,word_dutch_b2_6,词,NOUN
Word_dutch_B2_7,word_dutch_b2_7,词,NOUN
Word_dutch_B2_8,word_dutch_b2_8,词,NOUN
Word_dutch_B2_9,word_dutch_b2_9,词,NOUN
Word_dutch_B2_10,word_dutch_b2_10,词,NOUN
Word_dutch_B2_11,word_dutch_b2_11,词,NOUN
Word_dutch_B2_12,word_dutch_b2_12,词,NOUN
Word_dutch_B2_13,word_dutch_b2_13,词,NOUN
Word_dutch_B2_14,word_dutch_b2_14,词,NOUN
Word_dutch_B2_15,word_dutch_b2_15,词,NOUN
Word_dutch_B2_16,word_dutch_b2_16,词,NOUN
Word_dutch_B2_17,word_dutch_b2_17,词,NOUN
Word_dutch_B2_18,word_dutch_b2_18,词,NOUN
Word_dutch_B2_19,word_dutch_b2_19,词,NOUN
Word_dutch_B2_20,word_dutch_b2_20,词,NOUN
Word_dutch_B2_21,word_dutch_b2_21,词,NOUN
Word_dutch_B2_22,word_dutch_b2_22,词,NOUN
Word_dutch_B2_23,word_dutch_b2_23,词,NOUN
Word_dutch_B2_24,word_dutch_b2_24,词,NOUN
Word_dutch_B2_25,word_dutch_b2_25,词,NOUN
Word_dutch_B2_26,word_dutch_b2_26,词,NOUN
Word_dutch_B2_27,word_dutch_b2_27,词,NOUN
Word_dutch_B2_28,word_dutch_b2_28,词,NOUN
Word_dutch_B2_29,word_dutch_b2_29,词,NOUN
Word_dutch_B2_30,word_dutch_b2_30,词,NOUN
Word_dutch_B2_31,word_dutch_b2_31,词,NOUN
Word_dutch_B2_32,word_dutch_b2_32,词,NOUN
Word_dutch_B2_33,word_dutch_b2_33,词,NOUN
Word_dutch_B2_34,word_dutch_b2_34,词,NOUN
Word_dutch_B2_35,word_dutch_b2_35,词,NOUN
Word_dutch_B2_36,word_dutch_b2_36,词,NOUN
Word_dutch_B2_37,word_dutch_b2_37,词,NOUN
Word_dutch_B2_38,word_dutch_b2_38,词,NOUN
Word_dutch_B2_39,word_dutch_b2_39,词,NOUN
Word_dutch_B2_40,word_dutch_b2_40,词,NOUN
Word_dutch_B2_41,word_dutch_b2_41,词,NOUN
Word_dutch_B2_42,word_dutch_b2_42,词,NOUN
Word_dutch_B2_43,word_dutch_b2_43,词,NOUN
Word_dutch_B2_44,word_dutch_b2_44,词,NOUN
Word_dutch_B2_45,word_dutch_b2_45,词,NOUN
Word_dutch_B2_46,word_dutch_b2_46,词,NOUN
Word_dutch_B2_47,word_dutch_b2_47,词,NOUN
Word_dutch_B2_48,word_dutch_b2_48,词,NOUN
Word_dutch_B2_49,word_dutch_b2_49,词,NOUN
Word_dutch_B2_50,word_dutch_b2_50,词,NOUN
Word_dutch_B2_51,word_dutch_b2_51,词,NOUN
Word_dutch_B2_52,word_dutch_b2_52,词,NOUN
Word_dutch_B2_53,word_dutch_b2_53,词,NOUN
Word_dutch_B2_54,word_dutch_b2_54,词,NOUN
Word_dutch_B2_55,word_dutch_b2_55,词,NOUN
Word_dutch_B2_56,word_dutch_b2_56,词,NOUN
Word_dutch_B2_57,word_dutch_b2_57,词,NOUN
Word_dutch_B2_58,word_dutch_b2_58,词,NOUN
Word_dutch_B2_59,word_dutch_b2_59,词,NOUN
Word_dutch_B2_60,word_dutch_b2_60,词,NOUN
Word_dutch_B2_61,word_dutch_b2_61,词,NOUN
Word_dutch_B2_62,word_dutch_b2_62,词,NOUN
Word_dutch_B2_63,word_dutch_b2_63,词,NOUN
Word_dutch_B2_64,word_dutch_b2_64,词,NOUN
Word_dutch_B2_65,word_dutch_b2_65,词,NOUN
Word_dutch_B2_66,word_dutch_b2_66,词,NOUN
Word_dutch_B2_67,word_dutch_b2_67,词,NOUN
Word_dutch_B2_68,word_dutch_b2_68,词,NOUN
Word_dutch_B2_69,word_dutch_b2_69,词,NOUN
Word_dutch_B2_70,word_dutch_b2_70,词,NOUN
Word_dutch_B2_71,word_dutch_b2_71,词,NOUN
Word_dutch_B2_72,word_dutch_b2_72,词,NOUN
Word_dutch_B2_73,word_dutch_b2_73,词,NOUN
Word_dutch_B2_74,word_dutch_b2_74,词,NOUN
Word_dutch_B2_75,word_dutch_b2_75,词,NOUN
Word_dutch_B2_76,word_dutch_b2_76,词,NOUN
Word_dutch_B2_77,word_dutch_b2_77,词,NOUN
Word_dutch_B2_78,word_dutch_b2_78,词,NOUN
Word_dutch_B2_79,word_dutch_b2_79,词,NOUN
Word_dutch_B2_80,word_dutch_b2_80,词,NOUN
Word_dutch_B2_81,word_dutch_b2_81,词,NOUN
Word_dutch_B2_82,word_dutch_b2_82,词,NOUN
Word_dutch_B2_83,word_dutch_b2_83,词,NOUN
Word_dutch_B2_84,word_dutch_b2_84,词,NOUN
Word_dutch_B2_85,word_dutch_b2_85,词,NOUN
Word_dutch_B2_86,word_dutch_b2_86,词,NOUN
Word_dutch_B2_87,word_dutch_b2_87,词,NOUN
Word_dutch_B2_88,word_dutch_b2_88,词,NOUN
Word_dutch_B2_89,word_dutch_b2_89,词,NOUN
Word_dutch_B2_90,word_dutch_b2_90,词,NOUN
Word_dutch_B2_91,word_dutch_b2_91,词,NOUN
Word_dutch_B2_92,word_dutch_b2_92,词,NOUN
Word_dutch_B2_93,word_dutch_b2_93,词,NOUN
Word_dutch_B2_94,word_dutch_b2_94,词,NOUN
Word_dutch_B2_95,word_dutch_b2_95,词,NOUN
Word_dutch_B2_96,word_dutch_b2_96,词,NOUN
Word_dutch_B2_97,word_dutch_b2_97,词,NOUN
Word_dutch_B2_98,word_dutch_b2_98,词,NOUN
Word_dutch_B2_99,word_dutch_b2_99,词,NOUN
Word_dutch_B2_100,word_dutch_b2_100,词,NOUN
Word_dutch_B2_101,word_dutch_b2_101,词,NOUN
Word_dutch_B2_102,word_dutch_b2_102,词,NOUN
Word_dutch_B2_103,word_dutch_b2_103,词,NOUN
Word_dutch_B2_104,word_dutch_b2_104,词,NOUN
Word_dutch_B2_105,word_dutch_b2_105,词,NOUN
Word_dutch_B2_106,word_dutch_b2_106,词,NOUN
Word_dutch_B2_107,word_dutch_b2_107,词,NOUN
Word_dutch_B2_108,word_dutch_b2_108,词,NOUN
Word_dutch_B2_109,word_dutch_b2_109,词,NOUN
Word_dutch_B2_110,word_dutch_b2_110,词,NOUN
Word_dutch_B2_111,word_dutch_b2_111,词,NOUN
Word_dutch_B2_112,word_dutch_b2_112,词,NOUN
Word_dutch_B2_113,word_dutch_b2_113,词,NOUN
Word_dutch_B2_114,word_dutch_b2_114,词,NOUN
Word_dutch_B2_115,word_dutch_b2_115,词,NOUN
Word_dutch_B2_116,word_dutch_b2_116,词,NOUN
Word_dutch_B2_117,word_dutch_b2_117,词,NOUN
Word_dutch_B2_118,word_dutch_b2_118,词,NOUN
Word_dutch_B2_119,word_dutch_b2_119,词,NOUN
Word_dutch_B2_120,word_dutch_b2_120,词,NOUN
Word_dutch_B2_121,word_dutch_b2_121,词,NOUN
Word_dutch_B2_122,word_dutch_b2_122,词,NOUN
Word_dutch_B2_123,word_dutch_b2_123,词,NOUN
Word_dutch_B2_124,word_dutch_b2_124,词,NOUN
Word_dutch_B2_125,word_dutch_b2_125,词,NOUN
Word_dutch_B2_126,word_dutch_b2_126,词,NOUN
Word_dutch_B2_127,word_dutch_b2_127,词,NOUN
Word_dutch_B2_128,word_dutch_b2_128,词,NOUN
Word_dutch_B2_129,word_dutch_b2_129,词,NOUN
Word_dutch_B2_130,word_dutch_b2_130,词,NOUN
Word_dutch_B2_131,word_dutch_b2_131,词,NOUN
Word_dutch_B2_132,word_dutch_b2_132,词,NOUN
Word_dutch_B2_133,word_dutch_b2_133,词,NOUN
Word_dutch_B2_134,word_dutch_b2_134,词,NOUN
Word_dutch_B2_135,word_dutch_b2_135,词,NOUN
Word_dutch_B2_136,word_dutch_b2_136,词,NOUN
Word_dutch_B2_137,word_dutch_b2_137,词,NOUN
Word_dutch_B2_138,word_dutch_b2_138,词,NOUN
Word_dutch_B2_139,word_dutch_b2_139,词,NOUN
Word_dutch_B2_140,word_dutch_b2_140,词,NOUN
Word_dutch_B2_141,word_dutch_b2_141,词,NOUN
Word_dutch_B2_142,word_dutch_b2_142,词,NOUN
Word_dutch_B2_143,word_dutch_b2_143,词,NOUN
Word_dutch_B2_144,word_dutch_b2_144,词,NOUN
Word_dutch_B2_145,word_dutch_b2_145,词,NOUN
Word_dutch_B2_146,word_dutch_b2_146,词,NOUN
Word_dutch_B2_147,word_dutch_b2_147,词,NOUN
Word_dutch_B2_148,word_dutch_b2_148,词,NOUN
Word_dutch_B2_149,word_dutch_b2_149,词,NOUN
Word_dutch_B2_150,word_dutch_b2_150,词,NOUN
Word_dutch_B2_151,word_dutch_b2_151,词,NOUN
Word_dutch_B2_152,word_dutch_b2_152,词,NOUN
Word_dutch_B2_153,word_dutch_b2_153,词,NOUN
Word_dutch_B2_154,word_dutch_b2_154,词,NOUN
Word_dutch_B2_155,word_dutch_b2_155,词,NOUN
Word_dutch_B2_156,word_dutch_b2_156,词,NOUN
Word_dutch_B2_157,word_dutch_b2_157,词,NOUN
Word_dutch_B2_158,word_dutch_b2_158,词,NOUN
Word_dutch_B2_159,word_dutch_b2_159,词,NOUN
Word_dutch_B2_160,word_dutch_b2_160,词,NOUN
Word_dutch_B2_161,word_dutch_b2_161,词,NOUN
Word_dutch_B2_162,word_dutch_b2_162,词,NOUN
Word_dutch_B2_163,word_dutch_b2_163,词,NOUN
Word_dutch_B2_164,word_dutch_b2_164,词,NOUN
Word_dutch_B2_165,word_dutch_b2_165,词,NOUN
Word_dutch_B2_166,word_dutch_b2_166,词,NOUN
Word_dutch_B2_167,word_dutch_b2_167,词,NOUN
Word_dutch_B2_168,word_dutch_b2_168,词,NOUN
Word_dutch_B2_169,word_dutch_b2_169,词,NOUN
Word_dutch_B2_170,word_dutch_b2_170,词,NOUN
Word_dutch_B2_171,word_dutch_b2_171,词,NOUN
Word_dutch_B2_172,word_dutch_b2_172,词,NOUN
Word_dutch_B2_173,word_dutch_b2_173,词,NOUN
Word_dutch_B2_174,word_dutch_b2_174,词,NOUN
Word_dutch_B2_175,word_dutch_b2_175,词,NOUN
Word_dutch_B2_176,word_dutch_b2_176,词,NOUN
Word_dutch_B2_177,word_dutch_b2_177,词,NOUN
Word_dutch_B2_178,word_dutch_b2_178,词,NOUN
Word_dutch_B2_179,word_dutch_b2_179,词,NOUN
Word_dutch_B2_180,word_dutch_b2_180,词,NOUN
Word_dutch_B2_181,word_dutch_b2_181,词,NOUN
Word_dutch_B2_182,word_dutch_b2_182,词,NOUN
Word_dutch_B2_183,word_dutch_b2_183,词,NOUN
Word_dutch_B2_184,word_dutch_b2_184,词,NOUN
Word_dutch_B2_185,word_dutch_b2_185,词,NOUN
Word_dutch_B2_186,word_dutch_b2_186,词,NOUN
Word_dutch_B2_187,word_dutch_b2_187,词,NOUN
Word_dutch_B2_188,word_dutch_b2_188,词,NOUN
Word_dutch_B2_189,word_dutch_b2_189,词,NOUN
Word_dutch_B2_190,word_dutch_b2_190,词,NOUN
Word_dutch_B2_191,word_dutch_b2_191,词,NOUN
Word_dutch_B2_192,word_dutch_b2_192,词,NOUN
Word_dutch_B2_193,word_dutch_b2_193,词,NOUN
Word_dutch_B2_194,word_dutch_b2_194,词,NOUN
Word_dutch_B2_195,word_dutch_b2_195,词,NOUN
Word_dutch_B2_196,word_dutch_b2_196,词,NOUN
Word_dutch_B2_197,word_dutch_b2_197,词,NOUN
Word_dutch_B2_198,word_dutch_b2_198,词,NOUN
Word_dutch_B2_199,word_dutch_b2_199,词,NOUN
Word_dutch_B2_200,word_dutch_b2_200,词,NOUN
Word_dutch_B2_201,word_dutch_b2_201,词,NOUN
Word_dutch_B2_202,word_dutch_b2_202,词,NOUN
Word_dutch_B2_203,word_dutch_b2_203,词,NOUN
Word_dutch_B2_204,word_dutch_b2_204,词,NOUN
Word_dutch_B2_205,word_dutch_b2_205,词,NOUN
Word_dutch_B2_206,word_dutch_b2_206,词,NOUN
Word_dutch_B2_207,word_dutch_b2_207,词,NOUN
Word_dutch_B2_208,word_dutch_b2_208,词,NOUN
Word_dutch_B2_209,word_dutch_b2_209,词,NOUN
Word_dutch_B2_210,word_dutch_b2_210,词,NOUN
Word_dutch_B2_211,word_dutch_b2_211,词,NOUN
Word_dutch_B2_212,word_dutch_b2_212,词,NOUN
Word_dutch_B2_213,word_dutch_b2_213,词,NOUN
Word_dutch_B2_214,word_dutch_b2_214,词,NOUN
Word_dutch_B2_215,word_dutch_b2_215,词,NOUN
Word_dutch_B2_216,word_dutch_b2_216,词,NOUN
Word_dutch_B2_217,word_dutch_b2_217,词,NOUN
Word_dutch_B2_218,word_dutch_b2_218,词,NOUN
Word_dutch_B2_219,word_dutch_b2_219,词,NOUN
Word_dutch_B2_220,word_dutch_b2_220,词,NOUN
Word_dutch_B2_221,word_dutch_b2_221,词,NOUN
Word_dutch_B2_222,word_dutch_b2_222,词,NOUN
Word_dutch_B2_223,word_dutch_b2_223,词,NOUN
Word_dutch_B2_224,word_dutch_b2_224,词,NOUN
Word_dutch_B2_225,word_dutch_b2_225,词,NOUN
Word_dutch_B2_226,word_dutch_b2_226,词,NOUN
Word_dutch_B2_227,word_dutch_b2_227,词,NOUN
Word_dutch_B2_228,word_dutch_b2_228,词,NOUN
Word_dutch_B2_229,word_dutch_b2_229,词,NOUN
Word_dutch_B2_230,word_dutch_b2_230,词,NOUN
Word_dutch_B2_231,word_dutch_b2_231,词,NOUN
Word_dutch_B2_232,word_dutch_b2_232,词,NOUN
Word_dutch_B2_233,word_dutch_b2_233,词,NOUN
Word_dutch_B2_234,word_dutch_b2_234,词,NOUN
Word_dutch_B2_235,word_dutch_b2_235,词,NOUN
Word_dutch_B2_236,word_dutch_b2_236,词,NOUN
Word_dutch_B2_237,word_dutch_b2_237,词,NOUN
Word_dutch_B2_238,word_dutch_b2_238,词,NOUN
Word_dutch_B2_239,word_dutch_b2_239,词,NOUN
Word_dutch_B2_240,word_dutch_b2_240,词,NOUN
Word_dutch_B2_241,word_dutch_b2_241,词,NOUN
Word_dutch_B2_242,word_dutch_b2_242,词,NOUN
Word_dutch_B2_243,word_dutch_b2_243,词,NOUN
Word_dutch_B2_244,word_dutch_b2_244,词,NOUN
Word_dutch_B2_245,word_dutch_b2_245,词,NOUN
Word_dutch_B2_246,word_dutch_b2_246,词,NOUN
Word_dutch_B2_247,word_dutch_b2_247,词,NOUN
Word_dutch_B2_248,word_dutch_b2_248,词,NOUN
Word_dutch_B2_249,word_dutch_b2_249,词,NOUN
Word_dutch_B2_250,word_dutch_b2_250,词,NOUN
Word_dutch_B2_251,word_dutch_b2_251,词,NOUN
Word_dutch_B2_252,word_dutch_b2_252,词,NOUN
Word_dutch_B2_253,word_dutch_b2_253,词,NOUN
Word_dutch_B2_254,word_dutch_b2_254,词,NOUN
Word_dutch_B2_255,word_dutch_b2_255,词,NOUN
Word_dutch_B2_256,word_dutch_b2_256,词,NOUN
Word_dutch_B2_257,word_dutch_b2_257,词,NOUN
Word_dutch_B2_258,word_dutch_b2_258,词,NOUN
Word_dutch_B2_259,word_dutch_b2_259,词,NOUN
Word_dutch_B2_260,word_dutch_b2_260,词,NOUN
Word_dutch_B2_261,word_dutch_b2_261,词,NOUN
Word_dutch_B2_262,word_dutch_b2_262,词,NOUN
Word_dutch_B2_263,word_dutch_b2_263,词,NOUN
Word_dutch_B2_264,word_dutch_b2_264,词,NOUN
Word_dutch_B2_265,word_dutch_b2_265,词,NOUN
Word_dutch_B2_266,word_dutch_b2_266,词,NOUN
Word_dutch_B2_267,word_dutch_b2_267,词,NOUN
Word_dutch_B2_268,word_dutch_b2_268,词,NOUN
Word_dutch_B2_269,word_dutch_b2_269,词,NOUN
Word_dutch_B2_270,word_dutch_b2_270,词,NOUN
Word_dutch_B2_271,word_dutch_b2_271,词,NOUN
Word_dutch_B2_272,word_dutch_b2_272,词,NOUN
Word_dutch_B2_273,word_dutch_b2_273,词,NOUN
Word_dutch_B2_274,word_dutch_b2_274,词,NOUN
Word_dutch_B2_275,word_dutch_b2_275,词,NOUN
Word_dutch_B2_276,word_dutch_b2_276,词,NOUN
Word_dutch_B2_277,word_dutch_b2_277,词,NOUN
Word_dutch_B2_278,word_dutch_b2_278,词,NOUN
