Spanish_Lemma,English_Translation,POS
avanzado,advanced,VERB
convenio,agreement/convention,X
defensivo,defensive,ADJ
defensor,defender,NOUN
deferencia,deference,NOUN
deferente,deferential,X
deficiencia,deficiency,NOUN
deficiente,deficient,X
deficitario,deficient,X
definible,definable,ADJ
definitivo,definitive,ADJ
defloración,defloration,NOUN
deflorar,to deflower,VERB
deformación,deformation,NOUN
deformar,to deform,VERB
deforme,deformed,X
defraudar,to defraud,VERB
defunción,decease,NOUN
degeneración,degeneration,NOUN
degenerar,to degenerate,VERB
degollar,to behead,VERB
degradación,degradation,NOUN
degradante,degrading,ADJ
degradar,to degrade,VERB
degustación,tasting,NOUN
degustar,to taste,VERB
dehesa,pasture,X
deidad,deity,NOUN
deificar,to deify,VERB
dejación,relinquishment,NOUN
delación,denunciation,NOUN
delatar,to denounce,VERB
delator,informer,NOUN
delegación,delegation,NOUN
delegado,delegate,VERB
delegar,to delegate,VERB
deleitable,delightful,ADJ
deleitar,to delight,VERB
deleite,delight,X
deletreo,spelling,X
deleznable,brittle,ADJ
delgadez,thinness,X
deliberación,deliberation,NOUN
deliberante,deliberating,ADJ
deliberar,to deliberate,VERB
delicadeza,delicacy,X
delicia,delight,X
delictivo,criminal,ADJ
delimitación,delimitation,NOUN
delimitar,to delimit,VERB
delincuencia,delinquency,NOUN
delinear,to delineate,VERB
delirante,delirious,ADJ
delirar,to rave/be delirious,VERB
delirio,delirium,X
demacrado,emaciated,VERB
demagogia,demagoguery,X
demagogo,demagogue,X
demandar,to sue/demand,VERB
demarcación,demarcation,NOUN
demarcar,to demarcate,VERB
demencia,dementia,NOUN
demencial,demented,ADJ
democratización,democratization,NOUN
democratizar,to democratize,VERB
demoledor,devastating,NOUN
demoler,to demolish,VERB
demolición,demolition,NOUN
demoníaco,demonic,X
demora,delay,X
demorar,to delay,VERB
demostrable,demonstrable,ADJ
demudar,to alter,VERB
denegación,denial,NOUN
denegar,to deny,VERB
denigrar,to denigrate,VERB
denodado,intrepid,VERB
denominación,denomination,NOUN
denominador,denominator,NOUN
denominar,to denominate,VERB
denotar,to denote,VERB
densidad,density,NOUN
denuedo,boldness,X
denuesto,insult,X
denunciante,plaintiff,ADJ
denunciar,to denounce,VERB
deparar,to provide,VERB
departir,to converse,VERB
dependencia,dependence,NOUN
depender,to depend,VERB
dependiente,dependent,X
deplorable,deplorable,ADJ
deplorar,to deplore,VERB
deportación,deportation,NOUN
deportar,to deport,VERB
deportista,athlete,NOUN
deposición,deposition,NOUN
depositar,to deposit,VERB
depravación,depravity,NOUN
depravar,to deprave,VERB
deprecación,deprecation,NOUN
deprecar,to deprecate,VERB
depreciable,depreciable,ADJ
depreciación,depreciation,NOUN
depreciar,to depreciate,VERB
depredación,depredation,NOUN
depredador,predator,NOUN
depredar,to depredate,VERB
deprimir,to depress,VERB
depuración,purification,NOUN
depurar,to purify,VERB
depósito,deposit,X
deriva,drift,X
derivación,derivation,NOUN
derivado,derivative,VERB
derivar,to derive,VERB
derogación,derogation,NOUN
derogar,to derogate,VERB
derramamiento,spilling,X
derramar,to spill,VERB
derrame,spill,X
derretir,to melt,VERB
derribo,demolition,X
derrocar,to overthrow,VERB
derrochador,squanderer,NOUN
derrochar,to squander,VERB
derroche,squander,X
derrotismo,defeatism,NOUN
derrumbar,to collapse,VERB
desabridamente,bluntly,X
desabrido,bland,VERB
desabrochar,to unbutton,VERB
desacatar,to disrespect,VERB
desacato,disrespect,X
desacertado,unwise,VERB
desacertar,to err,VERB
desacierto,blunder,X
desacomodar,to inconvenience,VERB
desaconsejar,to advise against,VERB
desacoplar,to uncouple,VERB
desacordar,to disagree,VERB
desacorde,discordant,X
desacostumbrado,unaccustomed,VERB
desacreditar,to discredit,VERB
desactivar,to deactivate,VERB
desadaptado,maladjusted,VERB
desafección,disaffection,NOUN
desafecto,disaffection,X
desafiante,defiant,ADJ
desafiar,to challenge,VERB
desafinar,to be out of tune,VERB
desaforado,unbridled,VERB
desagradar,to displease,VERB
desagradecido,ungrateful,VERB
desagravio,amends,X
desaguar,to drain,VERB
desaguisado,outrage,VERB
desagüe,drainage,X
desahogadamente,comfortably,X
desahogarse,to vent,X
desahogo,relief,X
desahuciar,to evict,VERB
desahucio,eviction,X
desairar,to snub,VERB
desaire,snub,X
desajustar,to disarrange,VERB
desalentador,disheartening,NOUN
desalentar,to discourage,VERB
desaliento,discouragement,X
desaliñar,to disarray,VERB
desaliño,untidiness,X
desalmado,heartless,VERB
desalojar,to evict/clear,VERB
desalumbrado,dimmed,VERB
desamarrar,to untie,VERB
desambientado,out of place,VERB
desamor,lack of affection,NOUN
desamortizar,to disentail,VERB
desamparar,to abandon,VERB
desamparo,abandonment,X
desangrar,to bleed,VERB
desanimar,to dishearten,VERB
desapacible,unpleasant,ADJ
desapasionado,dispassionate,VERB
desapego,detachment,X
desapercibido,unnoticed,VERB
desaplicado,careless,VERB
desaprensivo,unscrupulous,ADJ
desaprobación,disapproval,NOUN
desaprobar,to disapprove,VERB
desaprovechar,to waste,VERB
desarbolar,to dismast,VERB
desarmar,to disarm,VERB
desarme,disarmament,X
desarraigado,uprooted,VERB
desarraigar,to uproot,VERB
desarraigo,uprooting,X
desarreglar,to disarrange,VERB
desarreglo,disorder,X
desarrollado,developed,VERB
desarticular,to disjoint,VERB
desasimiento,detachment,X
desasir,to release,VERB
desasosegar,to make uneasy,VERB
desasosiego,unease,X
desastrado,untidy,VERB
desatado,unleashed,VERB
desatar,to untie,VERB
desatender,to neglect,VERB
desatento,inattentive,X
desatinar,to err,VERB
desatino,blunder,X
desavenencia,disagreement,NOUN
desavenir,to disagree,VERB
desazonar,to make uneasy,VERB
desbancar,to oust,VERB
desbandada,stampede,X
desbarajustar,to disarrange,VERB
desbarajuste,disorder,X
desbaratar,to ruin,VERB
desbarrar,to talk nonsense,VERB
desbastar,to roughen,VERB
desbocado,bolted,VERB
desbordamiento,overflow,X
desbordar,to overflow,VERB
desbravar,to break in,VERB
descabalgar,to dismount,VERB
descabellado,outlandish,VERB
descacharrante,hilarious,ADJ
descalabrar,to wound,VERB
descalabro,setback,X
descalificación,disqualification,NOUN
descalificar,to disqualify,VERB
descalzo,barefoot,X
descamación,desquamation,NOUN
descaminado,off-track,VERB
descampado,open ground,VERB
descarado,brazen/shameless,VERB
descargo,acquittal,X
descarnado,blunt,VERB
descaro,brazenness,X
descarriado,led astray,VERB
descarriar,to lead astray,VERB
descarrilamiento,derailment,X
descarrilar,to derail,VERB
descartar,to discard,VERB
descastado,unaffectionate,VERB
descendencia,descent,NOUN
descender,to descend,VERB
descendiente,descendant,X
descenso,descent,X
descentrado,off-center,VERB
descerrajar,to break open,VERB
descifrar,to decipher,VERB
desclasificar,to declassify,VERB
descoco,brazenness,X
descolgar,to take down,VERB
descollar,to stand out,VERB
descolorido,faded,VERB
descomedido,immoderate,VERB
descomedirse,to behave rudely,X
descompasado,disproportionate,VERB
descomponer,to decompose,VERB
descompostura,decomposition,NOUN
descomprimir,to decompress,VERB
descompuesto,decomposed,X
descomunal,enormous,ADJ
desconcentrar,to distract,VERB
desconcertar,to disconcert/baffle,VERB
desconcierto,confusion,X
desconectar,to disconnect,VERB
desconfiado,distrustful,VERB
desconfianza,distrust,NOUN
desconfiar,to distrust,VERB
desconocer,to be unaware,VERB
desconocimiento,lack of knowledge,X
desconsiderado,inconsiderate,VERB
desconsolación,disconsolation,NOUN
desconsolado,disconsolate,VERB
desconsolar,to disconsole,VERB
desconsuelo,distress,X
descontentadizo,hard to please,X
descontento,discontent,X
descontextualizar,to decontextualize,VERB
descorazonado,disheartened,VERB
descorazonar,to dishearten,VERB
descorrer,to draw back,VERB
descortesía,impoliteness,X
descortés,impolite,X
descoyuntar,to dislocate,VERB
descreído,unbelieving,X
descriptivo,descriptive,ADJ
descrédito,discredit,X
descuidado,careless,VERB
descuidar,to neglect,VERB
descuido,carelessness,VERB
desdecir,to retract,VERB
desdeñable,negligible,ADJ
desdeñar,to disdain,VERB
desdeñoso,disdainful,ADJ
desdibujado,blurred,VERB
desdibujar,to blur,VERB
desdicha,misfortune,X
desdichado,unfortunate,VERB
desdoblamiento,unfolding,X
desdoblar,to unfold,VERB
desdorar,to tarnish,VERB
desdén,disdain,X
deseable,desirable,ADJ
desecación,desiccation,NOUN
desechar,to discard,VERB
desecho,waste/rubbish,X
desembarazar,to clear,VERB
desembarcar,to disembark,VERB
desembarco,landing,X
desembocadura,mouth,NOUN
desembocar,to flow into,VERB
desembolso,disbursement,X
desembragar,to disengage,VERB
desemejante,dissimilar,ADJ
desempaquetar,to unpack,VERB
desempate,tiebreaker,X
desempeñar,to carry out/perform,VERB
desempleo,unemployment,X
desencadenar,to unleash,VERB
desencajar,to dislocate,VERB
desencaje,disjointing,X
desencanto,disenchantment,X
desencauzar,to misdirect,VERB
desenchufar,to unplug,VERB
desenfadado,easy-going,VERB
desenfado,ease,VERB
desenfreno,debauchery,X
desenfundar,to draw,VERB
desengañar,to disabuse,VERB
desengaño,disillusionment,X
desenjaular,to uncage,VERB
desenlace,outcome,X
desenmarañar,to disentangle,VERB
desenmascarar,to unmask,VERB
desenredar,to disentangle,VERB
desenrollar,to unroll,VERB
desentenderse,to feign ignorance,X
desenterrar,to unearth,VERB
desentonar,to clash,VERB
desentrañar,to unravel,VERB
desenvainar,to unsheathe,VERB
desenvoltura,ease,NOUN
desenvuelto,confident,X
desenzarzar,to extricate,VERB
desequilibrar,to unbalance,VERB
deserción,desertion,NOUN
desertar,to desert,VERB
desertor,deserter,NOUN
desesperanza,hopelessness,NOUN
desesperar,to despair,VERB
desestabilizar,to destabilize,VERB
desestimar,to dismiss,VERB
desfachatez,impudence,X
desfalco,embezzlement,X
desfallecer,to faint,VERB
desfasado,outdated,VERB
desfase,gap,X
desfavorable,unfavorable,ADJ
desfigurar,to disfigure,VERB
desfiladero,gorge,X
desfilar,to parade,VERB
desgaire,carelessness,X
desgajar,to detach,VERB
desgarbado,ungainly,VERB
desgarrador,heartbreaking,NOUN
desgarrar,to tear,VERB
desgarro,tear,X
desgastar,to wear out,VERB
desgaste,wear,X
desgañitarse,to shout oneself hoarse,X
desglosar,to break down,VERB
desgranar,to shell,VERB
desgreñado,disheveled,VERB
deshabitado,uninhabited,VERB
deshacer,to undo,VERB
deshelarse,to thaw,X
desheredar,to disinherit,VERB
deshilachado,frayed,VERB
deshilvanado,disjointed,VERB
deshollinador,chimney sweep,NOUN
deshonra,dishonor,X
deshonrar,to dishonor,VERB
deshonroso,dishonorable,ADJ
deshora,untimely,X
desidia,negligence,X
desidioso,slothful,ADJ
designación,designation,NOUN
designar,to designate,VERB
desigual,unequal,ADJ
desigualdad,inequality,NOUN
desilusión,disillusionment,X
desinencia,inflection,NOUN
desinfectar,to disinfect,VERB
desinflar,to deflate,VERB
desinformación,disinformation,NOUN
desinhibido,disinhibited,VERB
desintegrar,to disintegrate,VERB
desinteresado,disinterested,VERB
desinterés,disinterest,X
desistir,to desist,VERB
desleal,disloyal,ADJ
deslealtad,disloyalty,X
deslegitimar,to delegitimize,VERB
deslenguado,foul-mouthed,VERB
desleír,to dissolve,X
desliar,to untie,VERB
desligar,to untie,VERB
deslindar,to delimit,VERB
desliz,slip/lapse,X
deslizar,to slide/slip,VERB
deslomar,to break the back,VERB
deslucir,to tarnish,VERB
deslumbrante,dazzling,ADJ
deslumbrar,to dazzle,VERB
desmadejar,to weaken,VERB
desmandar,to disobey,VERB
desmantelar,to dismantle,VERB
desmayar,to faint,VERB
desmayarse,to faint,X
desmayo,faint,X
desmañado,clumsy,VERB
desmedido,excessive,VERB
desmejorado,deteriorated,VERB
desmejorar,to worsen,VERB
desmemoriado,forgetful,VERB
desmentir,to deny,VERB
desmerecer,to be unworthy,VERB
desmesura,immoderation,NOUN
desmesurado,immoderate,VERB
desmoche,pruning,X
desmontable,detachable,ADJ
desmoralización,demoralization,NOUN
desmoralizar,to demoralize,VERB
desmoronar,to crumble,VERB
desmoronarse,to crumble,X
desmán,outrage,X
desnaturalizar,to denature,VERB
desnivel,unevenness,X
desnudar,to undress,VERB
desnudez,nudity,X
desnutrición,malnutrition,NOUN
desobedecer,to disobey,VERB
desobediencia,disobedience,NOUN
desobediente,disobedient,X
desocupado,unoccupied,VERB
desolación,desolation,NOUN
desolado,desolate,VERB
desolar,to desolate,VERB
desollar,to skin,VERB
desorbitado,exorbitant,VERB
desorbitar,to exaggerate,VERB
desordenado,disorderly,VERB
desorganización,disorganization,NOUN
desorientación,disorientation,NOUN
desorientado,disoriented,VERB
desorientar,to disorient,VERB
desovar,to spawn,VERB
despabilado,wide-awake,VERB
despachar,to dispatch,VERB
despacioso,leisurely,ADJ
despampanante,stunning,ADJ
desparpajo,nerve,X
desparramar,to scatter,VERB
despavorido,terrified,VERB
despechado,spiteful,VERB
despecho,spite,X
despectivo,derogatory,ADJ
despedazar,to tear to pieces,VERB
despego,detachment,X
despegue,takeoff,X
despeinar,to dishevel,VERB
despejar,to clear,VERB
despellejar,to skin,VERB
despelotar,to undress,VERB
despeluchar,to pull out hair,VERB
desperdiciar,to waste,VERB
desperdigar,to scatter,VERB
desperezarse,to stretch,X
desperfecto,flaw,X
despersonalizar,to depersonalize,VERB
despertador,alarm clock,NOUN
despeñadero,precipice,X
despiadado,ruthless/merciless,VERB
despido,dismissal,VERB
despilfarrar,to squander,VERB
despilfarro,extravagance,X
despistar,to put off the scent,VERB
despiste,absent-mindedness,X
desplante,impertinence,ADJ
desplazamiento,displacement,X
desplazar,to move/displace,VERB
desplegar,to deploy,VERB
despliegue,deployment,X
desplomar,to collapse,VERB
desplome,collapse,X
desplumar,to fleece,VERB
despoblar,to depopulate,VERB
despojar,to despoil,VERB
despojo,plunder,X
desposar,to wed,VERB
desposeer,to dispossess,VERB
desposorio,marriage,X
despotismo,despotism,NOUN
despotricar,to rant,VERB
despreciable,despicable,ADJ
despreciar,to despise,VERB
desprecio,contempt,X
desprender,to detach,VERB
desprendido,detached,VERB
desprendimiento,detachment,X
despreocupado,carefree,VERB
desprestigiar,to discredit,VERB
desprestigio,disrepute,X
desprevenido,unprepared,VERB
desproporcionar,to disproportion,VERB
desproporción,disproportion,NOUN
despropósito,nonsense,X
desproveer,to deprive,VERB
desprovisto,devoid,X
despunte,outset,X
despótico,despotic,ADJ
desquiciar,to unhinge,VERB
desquite,revenge,X
desratización,deratization,NOUN
destacable,outstanding,ADJ
destacado,prominent,VERB
destacar,to stand out,VERB
destajo,piecework,X
destapar,to uncover,VERB
destartalado,run-down,VERB
destellar,to sparkle,VERB
destello,sparkle,X
destemplado,unrestrained,VERB
desterrar,to exile,VERB
destierro,exile,X
destilar,to distill,VERB
destinatario,recipient,X
destitución,dismissal,NOUN
destituir,to dismiss,VERB
destornillado,wild,VERB
destreza,dexterity,X
destrocar,to dismantle,VERB
destronar,to dethrone,VERB
destrozar,to destroy,VERB
destrozo,destruction,X
destructor,destroyer,NOUN
desunir,to disunite,VERB
desuso,disuse,X
desvalido,helpless,VERB
desvalijar,to rob,VERB
desvanecer,to vanish,VERB
desvariar,to be delirious,VERB
desvarío,delirium,X
desvaído,faded,X
desvelo,vigilance,X
desvencijado,rickety,VERB
desventaja,disadvantage,X
desventajoso,disadvantageous,ADJ
desventura,misfortune,NOUN
desventurado,unfortunate,VERB
desvergonzado,shameless,VERB
desvergüenza,shamelessness,X
desvestir,to undress,VERB
desviación,deviation,NOUN
desviar,to divert,VERB
desvincular,to disconnect,VERB
desvirtuar,to distort,VERB
desvivirse,to go out of one's way,X
desván,attic,X
desvío,detour,X
desánimo,discouragement,X
detalladamente,in detail,X
detallar,to detail,VERB
detección,detection,NOUN
detectar,to detect,VERB
detentar,to hold,VERB
detergente,detergent,X
deterioro,deterioration,X
determinante,determining,ADJ
detestable,detestable,ADJ
detestar,to detest,VERB
detonación,detonation,NOUN
detonante,detonator,ADJ
detonar,to detonate,VERB
detractor,detractor,NOUN
detraer,to detract,VERB
detrimento,detriment,X
deudo,relative,X
deudor,debtor,NOUN
devaluación,devaluation,NOUN
devaluar,to devalue,VERB
devanar,to wind,VERB
devaneo,fling,X
devastación,devastation,NOUN
devastar,to devastate,VERB
devengar,to accrue,VERB
devenir,to become,VERB
devoción,devotion,NOUN
devolución,return,NOUN
devorador,devourer,NOUN
devorar,to devour,VERB
devoto,devout,X
deyección,defecation,NOUN
diabólico,diabolical,ADJ
diafragma,diaphragm,X
diagnosticar,to diagnose,VERB
diapositiva,slide,X
diariamente,daily,X
diatriba,diatribe,X
dicotomía,dichotomy,X
dictador,dictator,NOUN
dictadura,dictatorship,NOUN
dictamen,opinion,X
dictaminar,to rule,VERB
dictar,to dictate,VERB
didáctico,didactic,ADJ
diestro,dexterous,X
dietético,dietary,ADJ
difamación,defamation,NOUN
difamar,to defame,VERB
diferenciable,differentiable,ADJ
diferenciación,differentiation,NOUN
diferenciar,to differentiate,VERB
diferenciativo,differentiating,ADJ
diferendo,dispute,X
diferir,to defer,VERB
dificultoso,difficult,ADJ
difundir,to spread,VERB
difusión,diffusion,X
difuso,diffuse,X
difícilmente,hardly,X
digerible,digestible,ADJ
digestivo,digestive,ADJ
digestión,digestion,X
digitalizar,to digitize,VERB
dignación,condescension,NOUN
dignarse,to deign,X
dignatario,dignitary,X
digresión,digression,X
dilación,delay,NOUN
dilapidación,squandering,NOUN
dilapidar,to squander,VERB
dilatación,dilation,NOUN
dilatado,prolonged/dilated,VERB
dilatar,to dilate,VERB
dilatoria,delaying tactic,X
dilatorio,dilatory,X
dilecto,beloved,X
dilema,dilemma,X
diligencia,diligence,NOUN
diligente,diligent,X
dilucidación,clarification,NOUN
dilucidar,to elucidate,VERB
diluir,to dilute,VERB
diluvio,deluge,X
dimanar,to emanate,VERB
diminutivo,diminutive,ADJ
diminuto,tiny,X
dimisión,resignation,X
dimitir,to resign,VERB
dinamita,dynamite,X
dinastía,dynasty,X
dinosaurio,dinosaur,X
dinámico,dynamic,ADJ
diocesano,diocesan,X
diplomacia,diplomacy,X
diplomático,diplomatic/diplomat,ADJ
dipsómano,dipsomaniac,X
diputado,deputy,VERB
dique,dam,X
dirigente,leader,X
dirimir,to settle,VERB
discapacitado,disabled,VERB
discernimiento,discernment,X
discernir,to discern,VERB
disciplinar,to discipline,VERB
discipulado,discipleship,VERB
disconforme,disagreeing,X
discordancia,discordance,NOUN
discordante,discordant,ADJ
discordar,to disagree,VERB
discorde,discordant,X
discordia,discord,X
discrecional,discretionary,ADJ
discrepancia,discrepancy,NOUN
discrepar,to disagree,VERB
discreto,discreet,X
discriminación,discrimination,NOUN
discriminar,to discriminate,VERB
disculpar,to apologize,VERB
discurrir,to flow,VERB
discursivo,discursive,ADJ
disecar,to dissect,VERB
diseminar,to disseminate,VERB
disensión,dissent,X
disenso,dissent,X
disentimiento,dissent,X
disentir,to dissent,VERB
disertación,dissertation,NOUN
disertar,to discourse,VERB
disfrazar,to disguise,VERB
disfrute,enjoyment,X
disgregar,to separate,VERB
disgustado,displeased,VERB
disgustar,to upset,VERB
disgusto,upset/displeasure,X
disidencia,dissent,NOUN
disidente,dissident,X
disimilar,dissimilar,VERB
disimulación,dissimulation,NOUN
disimulado,dissembling,VERB
disimular,to disguise/hide,VERB
disimulo,dissimulation,X
disipación,dissipation,NOUN
disipar,to dissipate,VERB
dislate,nonsense,X
dislocación,dislocation,NOUN
dislocar,to dislocate,VERB
disminución,decrease,NOUN
disolución,dissolution,NOUN
disoluto,dissolute,X
disolvente,solvent,X
disolver,to dissolve,VERB
disonancia,dissonance,NOUN
disonante,dissonant,ADJ
disonar,to be dissonant,VERB
dispar,disparate,VERB
disparate,nonsense,X
disparidad,disparity,NOUN
dispendio,extravagance,X
dispensa,exemption,X
dispensar,to dispense,VERB
dispensario,clinic,X
dispersar,to disperse,VERB
dispersión,dispersion,X
disperso,scattered,X
displicente,disdainful,X
disponer,to dispose/have,VERB
disponibilidad,availability,NOUN
disputa,dispute,X
disputable,debatable,ADJ
disquisición,disquisition,NOUN
distanciar,to distance,VERB
distensión,detente,X
distinción,distinction,NOUN
distinguible,distinguishable,ADJ
distinguir,to distinguish,VERB
distintivo,distinctive,ADJ
distorsionar,to distort,VERB
distorsión,distortion,X
distraído,distracted,X
distribución,distribution,NOUN
distribuir,to distribute,VERB
disturbio,disturbance,X
disuadir,to dissuade,VERB
disuasivo,dissuasive,ADJ
disuasión,dissuasion,X
diuturno,long-lasting,X
divagación,digression,NOUN
divagar,to wander,VERB
divergencia,divergence,NOUN
divergente,divergent,X
divergir,to diverge,VERB
diversidad,diversity,NOUN
diversificación,diversification,NOUN
diversificar,to diversify,VERB
divertir,to amuse/entertain,VERB
divestir,to divest,VERB
dividendo,dividend,X
dividir,to divide,VERB
divinatorio,divinatory,X
divinidad,divinity,NOUN
divinizar,to deify,VERB
divisar,to spot/discern,VERB
divisibilidad,divisibility,NOUN
divisible,divisible,ADJ
divisivo,divisive,ADJ
divulgación,divulgence,NOUN
divulgar,to divulge,VERB
diáfano,diaphanous,X
diálogo,dialogue,X
diáspora,diaspora,X
doblar,to fold/double,VERB
doblegar,to subdue,VERB
docente,teacher/teaching,X
docilidad,docility,NOUN
docto,learned,X
doctrinal,doctrinal,ADJ
doctrinario,doctrinaire,X
documentar,to document,VERB
dogal,noose,ADJ
dogma,dogma,X
dogmatismo,dogmatism,NOUN
dogmático,dogmatic,ADJ
doliente,suffering,X
dolo,fraud,X
dolorido,sore,VERB
domable,tamable,ADJ
domadura,taming,NOUN
domesticar,to tame,VERB
domeñar,to subdue,VERB
domiciliar,to domicile,VERB
domiciliario,domestic,X
dominante,dominant,ADJ
dominar,to dominate,VERB
doméstico,domestic,ADJ
donante,donor,ADJ
donar,to donate,VERB
donoso,witty,ADJ
dorar,to gild,VERB
dotación,endowment,NOUN
dotar,to endow/provide,VERB
dote,dowry,X
draconiano,draconian,X
dramaturgia,dramaturgy,X
dren,drain,X
drogadicción,drug addiction,NOUN
drogadicto,drug addict,X
drástico,drastic,ADJ
ducal,ducal,ADJ
duchar,to shower,VERB
dudoso,doubtful,ADJ
duela,stave,X
duende,goblin/elf,X
duendecillo,sprite,X
duermevela,doze,X
dueto,duo,X
dulcificar,to sweeten,VERB
duplicar,to duplicate,VERB
duplicidad,duplicity,NOUN
duplo,double,X
duquesa,duchess,X
durabilidad,durability,NOUN
duración,duration,NOUN
duradero,lasting,X
duraznero,peach tree,X
dureza,hardness,X
dársena,dock,X
déficit,deficit,X
déspota,despot,X
dócil,docile,X
dúctil,ductile,X
dúo,duo,X
dúplex,duplex,X
ebanista,cabinetmaker,NOUN
ebriedad,drunkenness,NOUN
ebullición,boiling,NOUN
eclesial,ecclesial,ADJ
eclesiástico,ecclesiastical,ADJ
eclipsar,to eclipse,VERB
eclosión,blooming,X
ecléctico,eclectic,ADJ
ecología,ecology,X
económico,economic,ADJ
ecuación,equation,NOUN
ecuanimidad,equanimity,NOUN
ecuestre,equestrian,X
edificación,edification,NOUN
edificante,edifying,ADJ
edificar,to edify,VERB
editar,to edit,VERB
editorial,editorial,ADJ
edredón,duvet,X
educable,educable,ADJ
educar,to educate,VERB
educativo,educational,ADJ
efectivamente,indeed,X
efectividad,effectiveness,NOUN
efectuar,to carry out,VERB
efeméride,anniversary,X
efervescencia,effervescence,NOUN
efervescente,effervescent,X
eficacia,effectiveness,X
eficaz,effective,X
eficiencia,efficiency,NOUN
eficiente,efficient,X
efigie,effigy,X
efluvio,emanation,X
efímero,ephemeral,X
egolatría,egolatry,X
egoísmo,egoism,X
egregio,illustrious,X
ególatra,egomaniac,X
eje,axis/axle,X
ejecutar,to execute/carry out,VERB
ejercer,to exercise/practice,VERB
elaboración,elaboration,NOUN
elaborado,elaborate,VERB
elaborar,to elaborate/make,VERB
electiva,elective,X
electividad,electivity,NOUN
electorado,electorate,VERB
electoral,electoral,ADJ
elegancia,elegance,NOUN
elegía,elegy,X
elemental,elemental,ADJ
elenco,cast,X
elevación,elevation,NOUN
elevado,elevated,VERB
elevar,to elevate,VERB
elidir,to elide,VERB
eliminación,elimination,NOUN
elipsis,ellipsis,X
elite,elite,X
elixir,elixir,VERB
elocución,elocution,NOUN
elocuencia,eloquence,NOUN
elocuente,eloquent,X
elogiar,to praise,VERB
elogio,praise,X
elote,corn,X
elucidación,elucidation,NOUN
elucidar,to elucidate,VERB
elucubración,brainstorming,NOUN
elucubrar,to lucubrate,VERB
eludir,to elude,VERB
emancipación,emancipation,NOUN
emancipar,to emancipate,VERB
embalar,to pack,VERB
embalsamar,to embalm,VERB
embarcación,vessel,NOUN
embarcadero,wharf,X
embarcar,to embark,VERB
embargar,to seize,VERB
embarrar,to mud,VERB
embaucar,to deceive,VERB
embeber,to soak,VERB
embelesar,to enthrall,VERB
embeleso,delight,X
embellecer,to embellish,VERB
embellecimiento,embellishment,X
embestir,to charge,VERB
emblema,emblem,X
emblemático,emblematic,ADJ
embocadura,mouth,NOUN
embolia,embolism,X
emborrachar,to intoxicate,VERB
embotellamiento,traffic jam,X
embozar,to muffle,VERB
embrague,clutch,X
embriagar,to intoxicate,VERB
embriaguez,intoxication,X
embridar,to bridle,VERB
embrión,embryo,X
embrollar,to muddle,VERB
embrollo,mess,X
embromar,to tease,VERB
embrutecer,to brutalize,VERB
embudo,funnel,X
embuste,lie,X
embustero,liar,X
embutido,sausage,VERB
embutir,to stuff,VERB
emerger,to emerge,VERB
emigración,emigration,NOUN
eminencia,eminence,NOUN
eminente,eminent,X
emisión,emission/broadcast,X
emisor,emitter,NOUN
emisora,broadcasting station,X
emitir,to emit/broadcast,VERB
emolumento,emolument,X
emoticón,emoticon,X
empacho,indigestion,X
empalagar,to cloy,VERB
empalagoso,cloying,ADJ
empalizada,palisade,X
empalmar,to join,VERB
empanada,turnover,X
empapar,to soak,VERB
empaque,packaging,X
empaquetar,to package,VERB
emparedado,sandwich,VERB
emparejar,to pair,VERB
emparentar,to be related,VERB
empastar,to fill,VERB
empatar,to tie/draw,VERB
empate,tie/draw,X
empecer,to harm,VERB
empecinado,stubborn,VERB
empeorar,to worsen,VERB
empequeñecer,to belittle,VERB
emperifollar,to dress up,VERB
empero,however,X
empeñar,to pawn/pledge,VERB
empeño,effort/pawn,X
empinado,steep,VERB
empinar,to raise,VERB
empirismo,empiricism,NOUN
emplazamiento,placement,X
emplazar,to summon,VERB
emplomar,to lead,VERB
empobrecer,to impoverish,VERB
empobrecimiento,impoverishment,X
empolvar,to powder,VERB
emponzoñar,to poison,VERB
emporcar,to dirty,VERB
emporio,emporium,X
empotrar,to embed,VERB
emprendedor,entrepreneur,NOUN
emprender,to undertake,VERB
empresarial,business/corporate,ADJ
empresario,businessman,X
empujón,push,X
empuñar,to grasp/wield,VERB
empíreo,empyrean,X
empíricamente,empirically,X
emulación,emulation,NOUN
emular,to emulate,VERB
enajenable,alienable,ADJ
enajenar,to alienate,VERB
enaltecer,to exalt,VERB
enamoramiento,infatuation,X
enamorar,to fall in love,VERB
enardecer,to inflame,VERB
encabezamiento,heading,X
encabezar,to lead/head,VERB
encadenamiento,linking,X
encadenar,to chain,VERB
encajar,to fit,VERB
encalvecer,to grow bald,VERB
encamarse,to take to bed,X
encaminamiento,routing,X
encaminar,to direct,VERB
encandilar,to dazzle,VERB
encanecer,to gray,VERB
encapotar,to overcast,VERB
encarado,faced,VERB
encarar,to face,VERB
encarcelamiento,imprisonment,X
encarcelar,to imprison,VERB
encarecer,to make more expensive,VERB
encarecidamente,earnestly,X
encargar,to order/charge with,VERB
encariñarse,to grow fond of,X
encarnación,incarnation,NOUN
encarnado,red,VERB
encarnar,to embody,VERB
encarnizado,fierce,VERB
encarrilar,to put on track,VERB
encartar,to involve,VERB
encasillamiento,categorization,X
encasillar,to pigeonhole,VERB
encasquetar,to fix on,VERB
encauzar,to channel,VERB
encañar,to channel,VERB
encañonar,to point a gun,VERB
encefálico,encephalic,ADJ
encenagado,muddied,VERB
encendedor,lighter,NOUN
encerrar,to lock up/enclose,VERB
enchaquetar,to put on a jacket,VERB
encharcar,to flood,VERB
enchufar,to plug in,VERB
enciclopédico,encyclopedic,ADJ
encierro,confinement,X
encina,oak,X
encinta,pregnant,X
enclaustrar,to cloister,VERB
enclavar,to lodge in,VERB
enclave,enclave,X
enclenque,sickly,X
encogerse,to shrink,X
encogimiento,shrinkage,X
encolerizado,enraged,VERB
encomendable,commendable,ADJ
encomendar,to entrust,VERB
encomiable,commendable,ADJ
encomiar,to praise,VERB
encomienda,commission,X
encomio,praise,X
enconado,inflamed,VERB
enconar,to inflame,VERB
encono,rancor,X
encontronazo,collision,X
encordar,to string,VERB
encorvar,to bend,VERB
encrespar,to ruffle,VERB
encrucijada,crossroads,X
encuadernación,binding,NOUN
encuadernar,to bind,VERB
encuadre,framing,X
encubrimiento,concealment,X
encubrir,to cover up,VERB
encuesta,survey,X
encuestador,pollster,NOUN
encumbrado,exalted,VERB
encumbrar,to exalt,VERB
endeble,feeble,X
enderezar,to straighten,VERB
endeudamiento,indebtedness,X
endeudarse,to get into debt,X
endiablado,devilish,VERB
endilgar,to foist,VERB
endiosamiento,deification,X
endiosar,to deify,VERB
endogamia,endogamy,X
endosar,to endorse,VERB
endoso,endorsement,ADJ
endulzar,to sweeten,VERB
endurecer,to harden,VERB
endurecimiento,hardening,X
endémico,endemic,ADJ
endógeno,endogenous,X
enemistad,enmity,X
enemistar,to alienate,VERB
energético,energetic,ADJ
energúmeno,fiend,X
enervante,irritating,ADJ
enervar,to enervate,VERB
enfadar,to anger/annoy,VERB
enfado,anger,VERB
enfangar,to muddy,VERB
enfardar,to bale,VERB
enfatizar,to emphasize,VERB
enfermero,nurse,X
enfermizo,sickly,X
enfilada,enfilade,X
enfilar,to line up,VERB
enflaquecer,to thin,VERB
enfocar,to focus,VERB
enfrascarse,to engross,X
enfrentamiento,confrontation,X
enfriamiento,cooling,X
enfriar,to cool,VERB
enfundar,to sheathe,VERB
enfurecer,to enrage,VERB
enfurruñarse,to sulk,X
enfático,emphatic,ADJ
engalanar,to adorn,VERB
enganchar,to hook,VERB
enganche,hook,X
engarce,setting,X
engarzar,to set,VERB
engatusar,to coax,VERB
engañoso,deceptive,ADJ
engendrar,to beget/breed,VERB
engendro,monster,X
englobar,to encompass,VERB
engolfarse,to engross,X
engolosinar,to entice,VERB
engordar,to gain weight,VERB
engorde,fattening,X
engorroso,cumbersome,ADJ
engranaje,gear,X
engrandecer,to enlarge/exalt,VERB
engrandecimiento,aggrandizement,X
engreimiento,conceit,X
engreído,conceited,X
engrosar,to thicken,VERB
engullir,to gulp,VERB
enhebrar,to thread,VERB
enhiesto,upright,X
enigma,enigma,X
enigmático,enigmatic,ADJ
enjabonar,to soap,VERB
enjalbegar,to whitewash,VERB
enjambre,swarm,X
enjaular,to cage,VERB
enjoyado,bejeweled,VERB
enjuagar,to rinse,VERB
enjugar,to wipe,VERB
enjuiciamiento,prosecution,X
enjuiciar,to judge/prosecute,VERB
enjuto,gaunt,X
enladrillar,to brick,VERB
enlazar,to link,VERB
enloquecer,to drive crazy,VERB
enloquecimiento,madness,X
enlosar,to tile,VERB
enlucir,to plaster,VERB
enmadejar,to skein,VERB
enmarañar,to entangle,VERB
enmarcar,to frame,VERB
enmascarar,to mask,VERB
enmendable,amendable,ADJ
enmendar,to amend,VERB
enmienda,amendment,X
enmohecer,to mildew,VERB
enmudecer,to silence,VERB
ennegrecer,to blacken,VERB
ennoblecer,to ennoble,VERB
enojadizo,irritable,X
enojo,anger,X
enojoso,annoying,ADJ
enorgullecer,to make proud,VERB
enormidad,enormity,NOUN
enrabiar,to enrage,VERB
enraizar,to take root,VERB
enramada,bower,X
enrarecimiento,rarefaction,X
enredadera,vine,NOUN
enredar,to entangle,VERB
enredo,tangle,X
enriquecedor,enriching,NOUN
enriquecer,to enrich,VERB
enriquecimiento,enrichment,X
enrojecer,to redden,VERB
enrolar,to enlist,VERB
enroscar,to coil,VERB
ensalmo,incantation,X
ensalzar,to extol,VERB
ensamblaje,assembly,X
ensamblar,to assemble,VERB
ensanchamiento,widening,X
ensanchar,to widen,VERB
ensartar,to skewer,VERB
ensayar,to rehearse,VERB
ensayista,essayist,NOUN
ensayístico,essayistic,ADJ
ensañamiento,cruelty,X
ensañar,to enrage,VERB
ensenada,cove,X
enseñanza,teaching,NOUN
ensimismado,absorbed,VERB
ensimismarse,to become absorbed,X
ensombrecer,to overshadow,VERB
ensordecedor,deafening,NOUN
ensordecer,to deafen,VERB
ensortijado,curled,VERB
ensoñación,daydream,NOUN
ensoñar,to daydream,VERB
ensuciar,to soil,VERB
entablado,floorboards,VERB
entablar,to start/establish,VERB
entablillar,to splint,VERB
entallar,to fit,VERB
entarimado,parquet,VERB
ente,entity,X
entelequia,entelechy,X
entelerido,shivering,VERB
entendimiento,understanding,X
entenebrecer,to darken,VERB
enteramente,entirely,X
enterarse,to find out/realize,X
entereza,integrity,X
enterizo,whole,X
enternecedor,touching,NOUN
enternecerse,to be moved,X
enternecimiento,tenderness,X
enterramiento,burial,X
entibiar,to lukewarm,VERB
entidad,entity,NOUN
entomología,entomology,X
entonación,intonation,NOUN
entonar,to intone/match,VERB
entornar,to half-close,VERB
entorpecer,to hinder,VERB
entrampar,to ensnare,VERB
entrante,starter,ADJ
entraña,entrails,X
entrañable,beloved/intimate,ADJ
entrañar,to entail,VERB
entreabierto,ajar,X
entreabrir,to half-open,VERB
entreacto,interval,X
entrecejo,brow,X
entrechocar,to clash,VERB
entrecortado,faltering,VERB
entrecruzar,to interlace,VERB
entredicho,suspicion,X
entrelazado,intertwined,VERB
entrelazar,to interweave,VERB
entremedias,in between,X
entremeterse,to meddle,X
entremezclar,to intermix,VERB
entremés,hors d'oeuvre,X
entrenuevos,Sundays of the year,X
entreoír,to half-hear,X
entrepiso,mezzanine,X
entresacar,to select,VERB
entresueño,light sleep,X
entretanto,meanwhile,X
entretelas,depths,X
entretener,to entertain,VERB
entretenido,entertaining,VERB
entrever,to glimpse,VERB
entreverar,to mix,VERB
entrevistador,interviewer,NOUN
entrevistar,to interview,VERB
entristecedor,saddening,NOUN
entristecer,to sadden,VERB
entrometerse,to meddle,X
entrometido,meddler,VERB
entromparse,to get drunk,X
entronización,enthronement,NOUN
entronizar,to enthrone,VERB
entronque,relationship,X
entuerto,wrong,X
entumecerse,to numb,X
entumecido,numb,VERB
entumecimiento,numbness,X
enturbiar,to muddy,VERB
entusiasmar,to enthuse,VERB
entusiasta,enthusiastic,X
enumeración,enumeration,NOUN
enumerar,to enumerate,VERB
enunciación,enunciation,NOUN
enunciado,statement,VERB
enunciar,to enunciate,VERB
envalentonar,to embolden,VERB
envalentonarse,to become bold,X
envaramiento,stiffness,X
envarar,to stiffen,VERB
envasar,to bottle/pack,VERB
envase,container/packaging,X
envejecer,to age,VERB
envejecido,aged,VERB
envejecimiento,aging,X
envenenamiento,poisoning,X
envenenar,to poison,VERB
envergadura,scope/wingspan,NOUN
envestir,to invest,VERB
envidiable,enviable,ADJ
envidiar,to envy,VERB
envidioso,envious,ADJ
envilecer,to vilify,VERB
envilecimiento,debasement,X
enviudar,to be widowed,VERB
envoltorio,wrapping,X
envoltura,wrapping,NOUN
envolver,to wrap/involve,VERB
envés,reverse,X
enyesar,to plaster,VERB
enérgico,energetic,ADJ
epicúreo,epicurean,X
epidemia,epidemic,X
epidérmico,epidermal,ADJ
epigrama,epigram,X
episcopal,episcopal,ADJ
epistemología,epistemology,X
epistolar,epistolary,VERB
episódico,episodic,ADJ
epitafio,epitaph,X
epígrafe,epigraph,X
epílogo,epilogue,X
epíteto,epithet,X
epítome,epitome,X
epónimo,eponymous,X
equidad,equity,NOUN
equidistante,equidistant,ADJ
equilibrar,to balance,VERB
equilátero,equilateral,X
equipamiento,equipment,X
equipar,to equip,VERB
equiparable,comparable,ADJ
equiparar,to equate,VERB
equivalente,equivalent,X
equivaler,to be equivalent,VERB
equivocación,mistake,NOUN
equivocar,to make a mistake,VERB
equivocarse,to make a mistake,X
equívoco,equivocal,X
erario,treasury,X
erección,erection,NOUN
eremita,hermit,X
erguido,upright,VERB
erguir,to raise/erect,VERB
erial,wasteland,ADJ
erigir,to erect,VERB
erizar,to bristle,VERB
erizo,hedgehog,X
erosionar,to erode,VERB
erosión,erosion,X
erotismo,eroticism,NOUN
erradicar,to eradicate,VERB
errado,mistaken,VERB
errante,wandering,ADJ
errar,to err/miss,VERB
erratum,erratum,X
errático,erratic,ADJ
erróneo,erroneous,X
eructo,burp,X
erudición,erudition,NOUN
erudito,erudite,X
erupción,eruption,NOUN
erótico,erotic,ADJ
esbeltez,slenderness,X
esbelto,slender,X
esbirro,henchman,X
esbozar,to sketch,VERB
esbozo,sketch,X
escabechar,to pickle,VERB
escabel,footstool,X
escabroso,risqué,ADJ
escabullirse,to slip away,X
escalada,climb/escalation,X
escalafón,ranking,X
escalar,to climb,VERB
escaldar,to scald,VERB
escalinata,steps,X
escalofriante,chilling,ADJ
escalofrío,shiver/chill,X
escalpelo,scalpel,X
escamado,wary,VERB
escamoso,scaly,ADJ
escamotear,to spirit away,VERB
escampar,to clear up,VERB
escandaloso,scandalous,ADJ
escandinavo,Scandinavian,X
escapatoria,way out/escape,X
escaramuza,skirmish,X
escarbar,to dig/scratch,VERB
escarceo,foray,X
escarcha,frost,X
escarchado,frosted,VERB
escardar,to weed,VERB
escarmentar,to learn one's lesson,VERB
escarmiento,lesson learned,X
escarnecer,to mock,VERB
escarnio,scorn,X
escarpado,steep,VERB
escasamente,scarcely,X
escasear,to be scarce,VERB
escasez,scarcity,X
escaso,scarce,X
escenificar,to stage,VERB
escepticismo,skepticism,NOUN
escindir,to split,VERB
escisión,split,X
esclarecedor,enlightening,NOUN
esclarecer,to clarify,VERB
esclarecimiento,clarification,X
esclavitud,slavery,X
esclavizar,to enslave,VERB
escoba,broom,X
escobazo,broom blow,X
escocer,to sting/burn,VERB
escogido,chosen,VERB
escolano,choir boy,X
escollo,obstacle,X
escolopendra,centipede,X
escoltar,to escort,VERB
escombro,rubble,X
escondrijo,hideout,X
escoplo,chisel,X
escorbuto,scurvy,X
escote,neckline,X
escozor,smarting,NOUN
escribiente,clerk,X
escriño,wicker basket,X
escrupulosamente,scrupulously,X
escrupulosidad,scrupulosity,NOUN
escrúpulo,scruple,X
escuadra,squad/square,X
escudero,squire,X
escudriñar,to scrutinize,VERB
escueto,terse,X
escultor,sculptor,NOUN
escultura,sculpture,NOUN
escultórico,sculptural,ADJ
escupir,to spit,VERB
escurridizo,slippery,X
escurrir,to drain,VERB
escéptico,skeptical,ADJ
esfera,sphere,NOUN
esforzarse,to strive,X
esfumar,to vanish,VERB
esférico,spherical,ADJ
esfínter,sphincter,VERB
esgrima,fencing,X
esgrimir,to wield,VERB
eslabón,link,X
eslogan,slogan,X
esmaltar,to enamel,VERB
esmalte,enamel/polish,X
esmero,care/diligence,X
esmirriado,puny,VERB
esnob,snob,X
esnobismo,snobbery,NOUN
esotérico,esoteric,ADJ
espacioso,spacious,ADJ
espadachín,swordsman,X
espadín,small sword,X
espantajo,scarecrow,X
espantapájaros,scarecrow,X
espantar,to scare away,VERB
espanto,fright/horror,X
esparcir,to scatter,VERB
espasmo,spasm,X
espasmódico,spasmodic,ADJ
especia,spice,X
especialización,specialization,NOUN
especificación,specification,NOUN
especificar,to specify,VERB
especimen,specimen,X
espectador,spectator,NOUN
espectral,spectral,ADJ
espectro,specter,X
especulación,speculation,NOUN
especular,to speculate,VERB
espejismo,mirage,NOUN
espejuelo,spectacle,X
esperma,sperm,X
espesar,to thicken,VERB
espeso,thick,X
espesor,thickness,NOUN
espesura,thicket,NOUN
espiar,to spy,VERB
espigado,tall and slender,VERB
espigar,to glean,VERB
espina,thorn,X
espinazo,spine,X
espinoso,thorny,ADJ
espionaje,espionage,X
espirar,to exhale,VERB
espiritado,inspired,VERB
espiritualidad,spirituality,NOUN
espirituoso,spirituous,ADJ
esplendor,splendor,NOUN
espléndido,splendid,VERB
espolear,to spur,VERB
espoliar,to despoil,VERB
espolio,spoliation,X
espolvorear,to sprinkle,VERB
esponjoso,spongy,ADJ
esponsales,betrothal,X
esportillo,small basket,X
esposar,to handcuff,VERB
espuma,foam,X
espumarajo,foam,X
espumoso,foamy,ADJ
espurio,spurious,X
espárrago,asparagus,X
espátula,spatula,X
esquela,announcement,X
esqueleto,skeleton,X
esquelético,skeletal,ADJ
esquema,scheme,X
esquemático,schematic,ADJ
esquiar,to ski,VERB
esquilmar,to fleece,VERB
esquinazo,corner,X
esquirol,strikebreaker,X
esquivar,to dodge,VERB
esquivez,aloofness,X
esquizofrenia,schizophrenia,X
esquizofrénico,schizophrenic,ADJ
esquí,ski,X
estabilidad,stability,NOUN
estabilización,stabilization,NOUN
estabilizar,to stabilize,VERB
establecimiento,establishment,X
establo,stable,X
estaca,stake,X
estacionar,to park,VERB
estadía,stay,X
estadística,statistics,X
estadístico,statistical,ADJ
estafador,swindler,NOUN
estafar,to swindle,VERB
estallido,explosion,VERB
estamento,estate,X
estampa,stamp/print,X
estampado,printed/pattern,VERB
estancado,stagnant,VERB
estancia,stay,NOUN
estandarte,banner,X
estandartizar,to standardize,VERB
estanque,pond,X
estante,shelf,ADJ
estanteria,bookcase,X
estatismo,statism,NOUN
estatuir,to enact,VERB
estatura,height/stature,NOUN
estatuto,statute,X
estaño,tin,X
estela,wake/trail,X
estepa,steppe,X
estercolar,to manure,VERB
estercolero,dunghill,X
estereotipo,stereotype,X
estereotípico,stereotypical,ADJ
esterilidad,sterility,NOUN
esterilizar,to sterilize,VERB
estertor,death rattle,NOUN
esteva,plow handle,X
estiba,stowage,X
estibador,stevedore,NOUN
estigma,stigma,X
estigmatizar,to stigmatize,VERB
estilete,stiletto,X
estilizar,to stylize,VERB
estimación,estimate,NOUN
estimar,to estimate/esteem,VERB
estimulante,stimulating,ADJ
estimular,to stimulate,VERB
estio,summer,X
estipendio,stipend,X
estipulación,stipulation,NOUN
estipular,to stipulate,VERB
estirado,stretched,VERB
estirar,to stretch,VERB
estirpe,lineage,X
estiércol,manure,X
estofado,stew,VERB
estoico,stoic,ADJ
estoque,rapier,X
estorbar,to hinder,VERB
estorbo,hindrance,X
estornudar,to sneeze,VERB
estornudo,sneeze,X
estrafalario,outlandish,X
estragar,to spoil,VERB
estrago,ravage,X
estrambótico,outlandish,ADJ
estrangulación,strangulation,NOUN
estrangular,to strangle,VERB
estraperlo,black market,X
estratagema,stratagem,X
estratificación,stratification,NOUN
estratificar,to stratify,VERB
estrato,stratum,X
estratégico,strategic,ADJ
estrechamiento,narrowing,X
estrechez,narrowness,X
estrecho,narrow,X
estremecedor,startling,NOUN
estremecer,to shake/tremble,VERB
estremecimiento,shudder,X
estrenar,to debut/premiere,VERB
estreno,premiere,X
estrepitoso,thunderous,ADJ
estresar,to stress,VERB
estreñimiento,constipation,X
estreñir,to constipate,VERB
estriado,grooved,VERB
estribillo,refrain,X
estribor,starboard,NOUN
estricto,strict,X
estridente,strident,X
estro,inspiration,X
estropear,to ruin/break,VERB
estructurar,to structure,VERB
estruendo,uproar,X
estrujar,to squeeze,VERB
estrépito,din,X
estuario,estuary,X
estuche,case,X
estudioso,studious/scholar,ADJ
estulto,foolish,X
estupefacto,stupefied,X
estupor,stupor,NOUN
estupro,statutory rape,X
estática,statics,X
estático,static,ADJ
estéril,sterile,X
estética,aesthetics,X
estético,aesthetic,ADJ
estímulo,stimulus,X
estólido,stolid,VERB
eternizar,to eternalize,VERB
etimología,etymology,X
etiquetar,to label,VERB
etrusco,Etruscan,X
etéreo,ethereal,X
eucaristía,Eucharist,X
eufemismo,euphemism,NOUN
euforia,euphoria,X
eufónico,euphonic,ADJ
eufórico,euphoric,ADJ
eunuco,eunuch,X
eurasiático,Eurasian,ADJ
eutanasia,euthanasia,X
evacuar,to evacuate,VERB
evadir,to evade,VERB
evaluar,to evaluate,VERB
evangelio,gospel,X
evangelista,evangelist,NOUN
evangelizar,to evangelize,VERB
evangélico,evangelical,ADJ
evaporación,evaporation,NOUN
evaporar,to evaporate,VERB
evasivo,evasive,ADJ
evasión,evasion,X
eventual,occasional,ADJ
evidenciar,to evidence,VERB
evocación,evocation,NOUN
evocador,evocative,NOUN
evocar,to evoke,VERB
evolucionar,to evolve,VERB
exabrupto,outburst,X
exacerbar,to exacerbate,VERB
exactitud,exactitude,X
exageración,exaggeration,NOUN
exagerado,exaggerated,VERB
exagerar,to exaggerate,VERB
exaltación,exaltation,NOUN
exaltado,exalted,VERB
exaltar,to exalt,VERB
exangüe,bloodless,X
exasperación,exasperation,NOUN
exasperar,to exasperate,VERB
excarcelar,to release,VERB
excavadora,excavator,X
excavar,to excavate,VERB
excedente,surplus,X
exceder,to exceed,VERB
excelso,sublime,X
excentricidad,eccentricity,NOUN
excitabilidad,excitability,NOUN
excitación,excitement,NOUN
excitar,to excite,VERB
exclamación,exclamation,NOUN
exclamar,to exclaim,VERB
excluir,to exclude,VERB
exclusividad,exclusivity,NOUN
exclusivismo,exclusivism,NOUN
exclusivo,exclusive,ADJ
exclusión,exclusion,X
excomulgar,to excommunicate,VERB
excomunión,excommunication,X
excoriar,to excoriate,VERB
excrecencia,excrescence,NOUN
excremento,excrement,X
exculpación,exculpation,NOUN
exculpar,to exculpate,VERB
excusable,excusable,ADJ
excusar,to excuse,VERB
excéntrico,eccentric,ADJ
exención,exemption,NOUN
exequias,obsequies,X
exfoliar,to exfoliate,VERB
exhalación,exhalation,NOUN
exhalar,to exhale,VERB
exhausto,exhausted,X
exhibir,to exhibit,VERB
exhortación,exhortation,NOUN
exhortar,to exhort,VERB
exhumación,exhumation,NOUN
exhumar,to exhume,VERB
exigencia,demand,NOUN
exigir,to demand,VERB
exilado,exiled,VERB
exiliado,exiled,VERB
exiliar,to exile,VERB
exilio,exile,X
eximio,eminent,X
eximir,to exempt,VERB
existencial,existential,ADJ
exoneración,exoneration,NOUN
exonerar,to exonerate,VERB
exorbitante,exorbitant,ADJ
exorbitar,to make exorbitant,VERB
exorcizar,to exorcise,VERB
expansivo,expansive,ADJ
expansión,expansion,X
expatriación,expatriation,NOUN
expatriar,to expatriate,VERB
expectación,expectation,NOUN
expectante,expectant,ADJ
expectativa,expectation,X
expectoración,expectoration,NOUN
expectorar,to expectorate,VERB
expedicionario,expeditionary,X
expedir,to issue,VERB
expeditivo,expeditious,ADJ
expedito,expeditious,X
expeler,to expel,VERB
expender,to dispense,VERB
expensas,expenses,X
experimentación,experimentation,NOUN
expiación,atonement,NOUN
expiar,to atone,VERB
expiración,expiration,NOUN
expirar,to expire,VERB
explayar,to expand,VERB
expletivo,expletive,ADJ
explicable,explicable,ADJ
exploración,exploration,NOUN
explorador,explorer,NOUN
exploratorio,exploratory,X
explosivo,explosive,ADJ
explotable,exploitable,ADJ
explotación,exploitation,NOUN
explícitamente,explicitly,X
explícito,explicit,X
expoliar,to plunder,VERB
expolio,plundering,X
exponencial,exponential,ADJ
exponente,exponent,X
exportación,export,NOUN
exportar,to export,VERB
expositor,expositor,NOUN
expreso,express,X
exprimir,to squeeze,VERB
expropriación,expropriation,NOUN
expropriar,to expropriate,VERB
expulsar,to expel,VERB
expulsión,expulsion,X
expurgar,to expurgate,VERB
exquisitez,exquisiteness,X
exquisito,exquisite,X
extasiar,to enrapture,VERB
extemporáneo,untimely,X
extender,to extend,VERB
extendido,extended,VERB
extensible,extensible,ADJ
extensivo,extensive,ADJ
extensión,extension,X
extenso,extensive,X
extenuación,exhaustion,NOUN
extenuar,to wear out,VERB
exterminación,extermination,NOUN
exterminar,to exterminate,VERB
exterminio,extermination,X
externado,day school,VERB
externar,to express,VERB
externo,external,X
extinción,extinction,NOUN
extinguible,extinguishable,ADJ
extinguir,to extinguish,VERB
extintor,extinguisher,NOUN
extirpación,extirpation,NOUN
extirpar,to extirpate,VERB
extorsionar,to extort,VERB
extorsión,extortion,X
extracción,extraction,NOUN
extracto,extract,X
extractor,extractor,NOUN
extradición,extradition,NOUN
extraditar,to extradite,VERB
extraer,to extract,VERB
extralimitarse,to overreach,X
extrapolación,extrapolation,NOUN
extrapolar,to extrapolate,VERB
extravagancia,extravagance,NOUN
extravagante,extravagant,ADJ
extraversión,extroversion,X
extravertido,extrovert,VERB
extraviado,lost,VERB
extraviar,to lose/misplace,VERB
extravío,loss,X
extrañeza,strangeness,X
extremar,to make extreme,VERB
extremaunción,extreme unction,NOUN
extremidad,extremity,NOUN
extremista,extremist,NOUN
extrínseco,extrinsic,X
extático,ecstatic,ADJ
exuberancia,exuberance,NOUN
exuberante,exuberant,ADJ
exudar,to exude,VERB
exultación,exultation,NOUN
exultar,to exult,VERB
exvoto,votive offering,X
exánime,lifeless,X
exégesis,exegesis,X
exégeta,exegete,X
exótico,exotic,ADJ
eyaculación,ejaculation,NOUN
eyacular,to ejaculate,VERB
eyección,ejection,NOUN
eyectar,to eject,VERB
fabricación,manufacture,NOUN
fabricante,manufacturer,ADJ
fabular,to fabulate,VERB
faccioso,factious,ADJ
faceta,facet,X
facha,appearance,X
fachada,facade,X
fachoso,showy,ADJ
facilidad,ease,NOUN
facilitar,to facilitate,VERB
facineroso,wicked,ADJ
facsímil,facsimile,X
factible,feasible,ADJ
factor,factor,NOUN
facturación,turnover,NOUN
factótum,factotum,X
facultativo,optional,ADJ
faena,task/job,X
fagocitar,to phagocytize,VERB
faisán,pheasant,X
falangista,phalangist,NOUN
falaz,deceptive,X
falencia,bankruptcy,NOUN
falibilidad,fallibility,NOUN
falible,fallible,ADJ
fallecer,to die,VERB
fallecimiento,death,X
fallido,failed,VERB
falsario,falsifier,X
falsedad,falsity,NOUN
falsificación,counterfeiting,NOUN
falsificar,to forge,VERB
faltar,to lack/be missing,VERB
faltoso,lacking,ADJ
faltriquera,pocket,NOUN
faltón,disrespectful,X
familiarizar,to familiarize,VERB
famélico,famished,ADJ
fanal,beacon,ADJ
fanatismo,fanaticism,NOUN
fandango,fandango,X
fanfarronear,to brag,VERB
fanfarronería,bragging,X
fanfarrón,boastful,X
fango,mud,X
fangoso,muddy,ADJ
fantasear,to daydream,VERB
fantasmagórico,phantasmagorical,ADJ
fantasmal,ghostly,ADJ
fanático,fanatic,ADJ
faraón,pharaoh,X
fardo,bundle,X
fariseo,Pharisee,X
farmacéutico,pharmacist,ADJ
faro,lighthouse,X
farol,lantern,X
farolear,to brag,VERB
farra,binge,X
farragosidad,verbosity,NOUN
farragoso,muddled,ADJ
farsante,phony,ADJ
fascinación,fascination,NOUN
fascinador,fascinating,NOUN
fascinar,to fascinate,VERB
fascismo,fascism,NOUN
fascista,fascist,NOUN
fastidiar,to annoy,VERB
fastidio,annoyance,X
fastidioso,annoying,ADJ
fastuosidad,sumptuousness,NOUN
fastuoso,sumptuous,ADJ
fatalidad,fatality,NOUN
fatalismo,fatalism,NOUN
fatalista,fatalist,NOUN
fatiga,fatigue,X
fatigosamente,wearily,X
fatigoso,tiresome,ADJ
fatuidad,fatuity,NOUN
fatuo,fatuous,X
fatídico,fateful,ADJ
fauces,jaws,X
fauna,fauna,X
fausto,pompous,X
favorecedor,flattering,NOUN
favorecer,to favor,VERB
favoritismo,favoritism,NOUN
faz,face,X
fealdad,ugliness,NOUN
febril,feverish,X
fecal,fecal,ADJ
fecundación,fecundation,NOUN
fecundar,to fertilize,VERB
fecundidad,fecundity,NOUN
fecundizar,to fertilize,VERB
fecundo,fertile,X
federar,to federate,VERB
fehaciente,reliable,X
felicitación,congratulation,NOUN
felicitar,to congratulate,VERB
feligresía,parish,X
feligrés,parishioner,X
felino,feline,X
felonía,felony,X
femenil,feminine,X
feminismo,feminism,NOUN
feminista,feminist,NOUN
fenecer,to perish,VERB
fenicio,Phoenician,X
fenomenal,phenomenal,ADJ
feracidad,fertility,NOUN
feraz,fertile,X
ferino,wild,X
fermentación,fermentation,NOUN
fermentar,to ferment,VERB
ferocidad,ferocity,NOUN
feroz,fierce,X
ferretería,hardware store,X
ferrocarril,railway,X
ferroviario,railway,X
fertilidad,fertility,NOUN
fertilización,fertilization,NOUN
fertilizar,to fertilize,VERB
ferviente,fervent,X
fervor,fervor,NOUN
fervoroso,fervent,ADJ
festejar,to celebrate,VERB
festejo,celebration,X
festivo,festive/holiday,ADJ
festín,feast,X
fetiche,fetish,X
feto,fetus,X
feudal,feudal,ADJ
feudalismo,feudalism,NOUN
fiabilidad,reliability,NOUN
fiable,reliable,ADJ
fiador,guarantor,NOUN
fiar,to vouch,VERB
fiasco,fiasco,X
fibra,fiber,X
fibroso,fibrous,ADJ
ficticio,fictitious,X
fidedigno,trustworthy,X
fideicomiso,trust,X
fidelidad,fidelity,NOUN
fiduciario,fiduciary,X
fielmente,faithfully,X
fiera,wild beast,NOUN
fiereza,fierceness,X
fiero,fierce,X
figuradamente,figuratively,X
figurar,to figure,VERB
figurativo,figurative,ADJ
figurín,fashion plate,X
fijar,to fix/pay attention,VERB
filamento,filament,X
filantropía,philanthropy,X
filarmónica,philharmonic,X
filatelista,philatelist,NOUN
filatería,verbiage,X
filete,fillet,X
filiación,affiliation,NOUN
filial,subsidiary,ADJ
filiar,to register,VERB
filibustero,filibuster,X
filigrana,filigree,X
filo,edge/blade,X
filosofar,to philosophize,VERB
filosófico,philosophical,ADJ
filtración,filtration/leak,NOUN
filtrar,to filter/leak,VERB
filtro,filter,X
filántropo,philanthropist,X
filípico,Philippic,ADJ
filólogo,philologist,X
filón,vein,X
filósofo,philosopher,X
finado,deceased,VERB
finalidad,purpose,NOUN
financiación,financing,NOUN
financiar,to finance,VERB
finca,property/estate,X
fineza,niceness,X
fingimiento,pretense,X
finiquito,settlement,X
finito,finite,X
finés,Finnish,X
finísimo,very fine,X
firmamento,firmament,X
firmemente,firmly,X
firmeza,firmness,X
fiscalizar,to oversee,VERB
fisgar,to snoop,VERB
fisgoneo,snooping,X
fisgón,nosy,X
fisiología,physiology,X
fisiológico,physiological,ADJ
fisión,fission,X
fisonomía,physiognomy,X
fisura,fissure,NOUN
flacidez,flaccidity,X
flagelación,flagellation,NOUN
flagelar,to flog,VERB
flagelo,scourge,X
flagrancia,flagrancy,NOUN
flagrante,flagrant,ADJ
flamante,brand new,ADJ
flameante,flaming,ADJ
flamear,to flame,VERB
flamenco,flamenco/flamingo,X
flanco,flank,X
flanquear,to flank,VERB
flaquear,to weaken,VERB
flaqueza,weakness,X
flautista,flutist,NOUN
flebitis,phlebitis,X
flechazo,arrow wound,X
fleco,fringe,X
flema,phlegm,X
flemático,phlegmatic,ADJ
flemón,abscess,X
fletar,to charter,VERB
flete,freight,X
flexibilizar,to make flexible,VERB
flexible,flexible,ADJ
flexión,flexion,X
flirteo,flirting,X
flojear,to weaken,VERB
flojedad,looseness,NOUN
flojera,laziness,NOUN
flojo,loose/lazy,X
florecer,to flourish,VERB
floreciente,flourishing,X
florecimiento,flourishing,X
florido,flowery,VERB
florilegio,anthology,X
floripondio,fancy decoration,X
florista,florist,NOUN
florón,large flower,X
flotación,flotation,NOUN
flotante,floating,ADJ
flotar,to float,VERB
flotilla,flotilla,X
fluctuación,fluctuation,NOUN
fluctuar,to fluctuate,VERB
fluencia,fluency,NOUN
fluidez,fluidity,X
fluidificar,to liquefy,VERB
fluido,fluid,VERB
fluir,to flow,VERB
fluorescencia,fluorescence,NOUN
fluorescente,fluorescent,X
fluvial,fluvial,ADJ
fluviométrico,river-gauging,ADJ
flácido,flaccid,VERB
flúor,fluoride,NOUN
fobia,phobia,X
foca,seal,X
focal,focal,ADJ
foco,focus/spotlight,X
fofo,spongy,X
fogata,bonfire,X
fogosidad,ardor,NOUN
fogoso,fiery,ADJ
foguear,to harden,VERB
fogón,stove,X
folclor,folklore,NOUN
folclore,folklore,X
folclórico,folkloric,ADJ
folio,folio/page,X
foliáceo,foliate,X
follaje,foliage,X
folleto,brochure,X
follón,row,X
fomentar,to encourage/promote,VERB
fomento,promotion,X
fondear,to anchor,VERB
fondista,distance runner,NOUN
fontanal,fountain spring,ADJ
fontanería,plumbing,X
forajido,outlaw,VERB
forastero,foreigner/stranger,X
forcejear,to struggle,VERB
forcejeo,struggle,X
forestal,forest,ADJ
forestar,to forest,VERB
forjar,to forge,VERB
formalidad,formality,NOUN
formalismo,formalism,NOUN
formalista,formalist,NOUN
formalizar,to formalize,VERB
formato,format,X
formidable,formidable,ADJ
formulación,formulation,NOUN
formular,to formulate,VERB
fornido,sturdy,VERB
forofo,fan,X
forraje,forage,X
fortachón,sturdy,X
fortalecer,to strengthen,VERB
fortalecimiento,strengthening,X
fortificación,fortification,NOUN
fortificar,to fortify,VERB
fortuito,fortuitous,X
fortín,fortlet,X
forzado,forced,VERB
forzar,to force,VERB
forzosamente,forcibly,X
forzoso,forced/obligatory,ADJ
forúnculo,boil,X
fosa,grave/pit,X
fosforescencia,phosphorescence,NOUN
fosforescente,phosphorescent,X
fosilizado,fossilized,VERB
fosilizar,to fossilize,VERB
fotocopia,photocopy,X
fotofobia,photophobia,X
fotograbado,photogravure,VERB
fotograma,frame,X
fotogénico,photogenic,ADJ
fototipia,phototypy,X
fracasar,to fail,VERB
fraccionar,to fraction,VERB
fraccionario,fractional,X
fracción,fraction,NOUN
fractura,fracture,NOUN
fracturar,to fracture,VERB
fragancia,fragrance,NOUN
fragante,fragrant,ADJ
fragata,frigate,X
fragilidad,fragility,NOUN
fragmentación,fragmentation,NOUN
fragmentar,to fragment,VERB
fragmentario,fragmentary,X
fragmento,fragment,X
fragor,roar,NOUN
fragoroso,thunderous,ADJ
fragoso,rough,ADJ
fragua,forge,X
fraguar,to forge,VERB
fraile,monk,X
francachela,binge,X
franciscano,Franciscan,X
francotirador,sniper,NOUN
franja,strip,X
franquear,to clear,VERB
franqueo,postage,X
franqueza,frankness,X
franquicia,franchise,X
fraseología,phraseology,X
fraternal,fraternal,ADJ
fraternidad,fraternity,NOUN
fraternizar,to fraternize,VERB
fraterno,fraternal,X
fratricidio,fratricide,X
fraudulento,fraudulent,X
frecuentar,to frequent,VERB
frecuente,frequent,X
fregadero,sink,X
fregar,to scrub,VERB
freidora,fryer,X
frenar,to brake,VERB
frenazo,sudden braking,X
frenesí,frenzy,X
freno,brake,X
frenético,frantic,ADJ
fresa,strawberry,X
frescor,coolness,NOUN
frescura,freshness,NOUN
freír,to fry,X
friccionar,to rub,VERB
fricción,friction,NOUN
frigorífico,refrigerator,ADJ
frijolar,bean field,VERB
friolento,sensitive to cold,X
friolera,trifle,NOUN
frisar,to border on,VERB
friso,frieze,X
fritura,frying,NOUN
frondosidad,leafiness,NOUN
frondoso,leafy,ADJ
fronterizo,border,X
frontón,pediment,X
frotación,friction,NOUN
frotamiento,rubbing,X
frotar,to rub,VERB
fructificar,to bear fruit,VERB
fructuosamente,fruitfully,X
fructífero,fruitful,X
frugal,frugal,ADJ
frugalidad,frugality,NOUN
fruición,fruition,NOUN
frunce,gather,X
fruncir,to wrinkle/frown,VERB
frustración,frustration,NOUN
frustrado,frustrated,VERB
frustrante,frustrating,ADJ
frustrar,to frustrate,VERB
frutal,fruit tree,ADJ
fréjol,bean,X
frígido,frigid,VERB
frívolo,frivolous,X
fucsia,fuchsia,X
fuelle,bellows,X
fuero,jurisdiction,X
fugarse,to escape,X
fugaz,fleeting,X
fulano,so-and-so,X
fulcro,fulcrum,X
fulgir,to shine,VERB
fulgor,radiance,NOUN
fulgurante,brilliant,ADJ
fulgurar,to flash,VERB
fulminante,sudden,ADJ
fulminar,to strike down,VERB
fumarada,puff,X
fumarola,fumarole,X
fumigación,fumigation,NOUN
fumigar,to fumigate,VERB
funcionalidad,functionality,NOUN
funcionalismo,functionalism,NOUN
funcionario,civil servant,X
funda,cover/case,X
fundación,foundation,NOUN
fundamental,fundamental,ADJ
fundamentalismo,fundamentalism,NOUN
fundamentar,to base,VERB
fundamento,foundation/basis,X
fundar,to found,VERB
fundente,flux,X
fundición,foundry,NOUN
fundir,to melt/fuse,VERB
funerario,funereal,X
funesto,fatal,X
fungible,fungible,ADJ
fungoso,fungal,ADJ
funámbulo,tightrope walker,X
furibundo,furious,X
furor,fury,NOUN
furtivo,furtive,ADJ
furúnculo,furuncle,X
fuselaje,fuselage,X
fusible,fuse,ADJ
fusil,rifle,X
fusilamiento,execution by firing squad,X
fusilar,to execute by firing squad,VERB
fusionar,to merge,VERB
fustigar,to scourge,VERB
futilidad,futility,NOUN
futurible,futurible,ADJ
futurista,futurist,NOUN
fuñiñoso,whiny,ADJ
fábula,fable,X
fárrago,medley,X
féretro,coffin,X
férreo,iron,X
fértil,fertile,X
férula,ferrule,X
fétido,fetid,VERB
fósforo,match/phosphorus,X
fúnebre,funeral,X
fútil,futile,X
gabacho,French,X
gabardina,gabardine,X
gabarra,barge,X
gabela,tax,X
gabinete,cabinet,X
gaceta,gazette,X
gacetilla,short news,X
gachas,porridge,X
gaditano,from Cadiz,X
gafa,glasses,X
gaitero,bagpiper,X
gajes,perks,X
gala,gala,X
galaico,Galician,ADJ
galante,gallant,ADJ
galanteador,gallant,NOUN
galantear,to court,VERB
galantería,gallantry,X
galardonar,to award,VERB
galardón,prize,X
galera,galley,NOUN
galerista,gallery owner,NOUN
galimatías,gibberish,X
gallinazo,vulture,X
gallinero,henhouse,X
gallito,cocky,X
gallo,rooster,X
galo,Gallic,X
galopante,galloping,ADJ
galopar,to gallop,VERB
galvanizar,to galvanize,VERB
galápago,turtle,X
galón,gallon,X
gama,range,X
gamba,prawn,X
gamberro,hooligan,X
gameto,gamete,X
gamuza,chamois,X
ganadero,cattle rancher,X
ganadería,livestock,X
ganancia,profit/gain,NOUN
ganchillo,crochet,X
gandul,lazy,X
ganga,bargain,X
gangrena,gangrene,X
gangrenarse,to gangrene,X
gansada,silly thing,X
ganso,goose,X
garabatear,to scribble,VERB
garabato,scribble,X
garante,guarantor,ADJ
garbeo,stroll,X
garbo,grace,X
garboso,graceful,ADJ
gargajo,phlegm,X
garra,claw,X
garrafa,carafe,X
garrafal,enormous,ADJ
garrapata,tick,X
garrocha,goad,X
garrotazo,club blow,X
garrote,cudgel,X
garrón,heel,X
garza,heron,X
gaseoso,gaseous/fizzy,ADJ
gasificar,to gasify,VERB
gasoducto,gas pipeline,X
gasolinera,gas station,NOUN
gasto,expense,X
gastoso,wasteful,ADJ
gastronomía,gastronomy,X
gastrónomo,gastronome,X
gaucho,gaucho,X
gavilán,sparrowhawk,X
gaviota,seagull,X
gel,gel,X
gelatina,gelatin,X
gema,gem,X
gemelo,twin,X
gemido,moan,VERB
gemir,to moan,VERB
gen,gene,X
genealogía,genealogy,X
generalidad,generality,NOUN
generalización,generalization,NOUN
generalizar,to generalize,VERB
generar,to generate,VERB
generatriz,generatrix,X
genuflexión,genuflection,X
genuino,genuine,X
genérico,generic,ADJ
genético,genetic,ADJ
geocéntrico,geocentric,ADJ
geofísica,geophysics,X
geografía,geography,X
geográfico,geographical,ADJ
geología,geology,X
geológico,geological,ADJ
geometría,geometry,X
geométrico,geometric,ADJ
gerencia,management,NOUN
geriátrico,geriatric,ADJ
germano,German,X
germen,germ,X
germicida,germicidal,X
germinación,germination,NOUN
germinar,to germinate,VERB
germánico,Germanic,ADJ
gerontocracia,gerontocracy,X
gesta,exploit,X
gestación,gestation,NOUN
gestar,to gestate,VERB
gestear,to gesticulate,VERB
gestionar,to manage,VERB
gestión,management,X
gestor,manager,NOUN
gestoría,agency,X
gestual,gestural,ADJ
geógrafo,geographer,X
geómetra,geometer,X
giba,hump,X
giboso,hunchbacked,ADJ
gigantesco,gigantic,X
gimnasia,gymnastics,X
gimnasta,gymnast,X
gimnástico,gymnastic,ADJ
gimotear,to whimper,VERB
ginebra,gin,X
gineceo,women's quarters,X
ginecólogo,gynecologist,X
girasol,sunflower,X
giratorio,rotating,X
gitano,Gypsy,X
glacial,glacial,ADJ
glaciar,glacier,VERB
gladiador,gladiator,NOUN
glamour,glamour,X
glaucoma,glaucoma,X
gleba,glebe,X
glifo,glyph,X
globalización,globalization,NOUN
globalizar,to globalize,VERB
globular,globular,VERB
glomérulo,glomerulus,X
gloriarse,to glory,X
glorificación,glorification,NOUN
glorificar,to glorify,VERB
gloriosamente,gloriously,X
glorioso,glorious,ADJ
glosa,gloss,X
glosador,glossator,NOUN
glosar,to gloss,VERB
glotonería,gluttony,X
glotón,glutton,X
glándula,gland,X
glúcido,carbohydrate,VERB
glúteo,gluteus,X
gobernabilidad,governability,NOUN
gobernación,government,NOUN
gobernante,ruler,ADJ
goce,enjoyment,X
golfo,gulf,X
gollete,gullet,X
golosina,sweet,X
gondolero,gondolier,X
gordura,fatness,NOUN
gorgojeo,trill,X
gorgorito,warble,X
gorgotear,to gurgle,VERB
gorrón,sponger,X
goteado,dripping,VERB
gotear,to drip,VERB
goteo,dripping,X
gotero,dropper,X
goyesco,Goyaesque,X
gozar,to enjoy,VERB
gozne,hinge,X
gozo,joy,X
gozoso,joyful,ADJ
gozque,small dog,X
grabador,engraver,NOUN
gracejo,wit,X
gracilidad,slenderness,NOUN
gradación,gradation,NOUN
gradual,gradual,ADJ
graduar,to graduate,VERB
graduarse,to graduate,X
grafista,graphic artist,NOUN
grafología,graphology,X
gramatical,grammatical,ADJ
gramática,grammar,X
gramófono,gramophone,X
granada,grenade,X
granadero,grenadier,X
granadino,from Granada,X
granate,maroon,X
grandilocuencia,grandiloquence,NOUN
grandilocuente,grandiloquent,X
grandiosidad,grandiosity,NOUN
grandullón,big lout,X
granito,granite,X
granizar,to hail,VERB
granizo,hail,X
granjearse,to gain,X
granuja,rascal,X
granular,granular,VERB
granítico,granitic,ADJ
grasiento,greasy,X
graso,greasy,X
gratificación,gratification,NOUN
gratificar,to gratify,VERB
grato,pleasing,X
gratuidad,gratuitousness,NOUN
gratuito,free,X
grava,gravel,X
gravamen,burden,X
gravar,to tax,VERB
gravemente,gravely,X
gravitación,gravitation,NOUN
gravitar,to gravitate,VERB
gravoso,burdensome,ADJ
graznar,to caw,VERB
graznido,caw,VERB
gregario,gregarious,X
greguería,uproar,X
gremial,union,ADJ
gremio,guild,X
greña,mane,X
grieta,crack,X
grifería,faucets,X
grifo,faucet,X
grillete,shackle,X
grillo,cricket,X
gringo,foreigner,X
grisáceo,grayish,X
grisú,firedamp,X
griñón,wimple,X
grosería,rudeness,X
grosor,thickness,NOUN
grotesco,grotesque,X
grueso,thick,X
gruesote,thick,X
grullo,crane,X
grumete,cabin boy,X
grupa,croup,X
gruta,grotto,X
gruñido,growl,VERB
gruñir,to grumble,VERB
gruñón,grumpy,X
grácil,slender,X
gránulo,granule,X
grávido,gravid,VERB
grímpola,pennant,X
grúa,crane,X
guacamayo,macaw,X
guacho,orphan,X
guadaña,scythe,X
guapeza,gallantry,X
guarango,uncouth,X
guarapo,sugarcane juice,X
guardabarrera,gatekeeper,NOUN
guardabarros,fender,X
guardabosques,forest ranger,X
guardafrenos,brakeman,X
guardagujas,switchman,X
guardapolvo,overcoat,X
guardarropa,wardrobe,X
guardería,daycare,X
guarecer,to shelter,VERB
guarida,den,X
guarismo,figure,NOUN
guarnecer,to garnish,VERB
guarnición,garrison/garnish,NOUN
guarro,filthy,X
guasa,joke,X
guasón,joker,X
gubernamental,governmental,ADJ
guerrera,jacket,NOUN
guerrilla,guerrilla,X
guerrillero,guerrilla,X
guiar,to guide,VERB
guijarro,pebble,X
guillotina,guillotine,X
guillotinar,to guillotine,VERB
guinda,sour cherry,X
guindar,to hang,VERB
guirigay,gibberish,X
guirnalda,garland,X
guisado,stew,VERB
guisante,pea,ADJ
guisar,to cook/stew,VERB
guiso,stew,X
guitarrista,guitarist,NOUN
gula,gluttony,X
gusanillo,bug,X
gustativo,gustatory,ADJ
gutural,guttural,ADJ
gálibo,gauge,X
gárgara,gargle,X
gárgola,gargoyle,X
gárrulo,garrulous,X
gélido,gelid/cold,VERB
génesis,genesis,X
haba,bean,X
habanero,from Havana,X
habano,Havana cigar,X
habilidoso,skillful,ADJ
habilitación,authorization,NOUN
habilitar,to enable,VERB
habitabilidad,habitability,NOUN
habitable,habitable,ADJ
habitante,inhabitant,ADJ
habitar,to inhabit,VERB
habituar,to accustom,VERB
habitáculo,dwelling,X
hablador,talkative,NOUN
habladuría,gossip,X
hablilla,rumor,X
hacedero,feasible,X
hacedor,maker,NOUN
hacendado,landowner,VERB
hacendoso,industrious,ADJ
hacienda,estate/treasury,X
hado,fate,VERB
halagador,flattering,NOUN
halagar,to flatter,VERB
halago,flattery,X
halagüeño,flattering,X
halar,to pull,VERB
halconería,falconry,X
halcón,falcon,X
hallazgo,discovery/finding,X
hambruna,famine,X
hampón,thug,X
haraganear,to laze,VERB
haraganería,laziness,X
haragán,lazy,X
harapiento,ragged,X
harapo,rag,X
haraposo,ragged,ADJ
harina,flour,X
harneado,sifted,VERB
hartar,to fill up/satiate,VERB
hartazgo,fed-up feeling,X
hartura,abundance,NOUN
hastiar,to bore,VERB
hastío,boredom,X
hatajo,bunch,X
hayedo,beech grove,X
hazaña,feat,X
hebraico,Hebraic,ADJ
hebreo,Hebrew,X
hechicero,sorcerer,X
hechicería,sorcery,X
hechizar,to bewitch,VERB
hectárea,hectare,X
hedonismo,hedonism,NOUN
hedonista,hedonist,NOUN
hedor,stench,NOUN
hegemonía,hegemony,X
helar,to freeze,VERB
helenismo,Hellenism,NOUN
helenista,Hellenist,NOUN
hematoma,hematoma,X
hembrear,to seek females,VERB
hemiplejía,hemiplegia,X
hemisferio,hemisphere,X
hemorroide,hemorrhoid,X
henchir,to fill,VERB
hendedura,crack,NOUN
hendir,to cleave,VERB
heno,hay,X
hepático,hepatic,ADJ
heraldo,herald,X
herbario,herbarium,X
herbazal,grassland,ADJ
herboristería,herbalism,X
herbáceo,herbaceous,X
hercúleo,Herculean,X
heredar,to inherit,VERB
hereditario,hereditary,X
hereje,heretic,X
herejía,heresy,X
heresiarca,heresiarch,X
hermandad,brotherhood,NOUN
hermosamente,beautifully,X
hermosear,to beautify,VERB
hermosura,beauty,NOUN
hermético,airtight,ADJ
herniarse,to herniate,X
heroicidad,heroism,NOUN
heroico,heroic,ADJ
heroísmo,heroism,X
herradura,horseshoe,NOUN
herrar,to shoe,VERB
herreruelo,bandit,X
herrería,blacksmith shop,X
herrumbroso,rusty,ADJ
hervidero,hotbed,X
hervidor,kettle,NOUN
hervir,to boil,VERB
heráldica,heraldry,X
herético,heretical,ADJ
hesitación,hesitation,NOUN
heterodoxia,heterodoxy,X
heterodoxo,heterodox,X
heterogeneidad,heterogeneity,NOUN
heterogéneo,heterogeneous,X
hexágono,hexagon,X
hialino,hyaline,X
hibridación,hybridization,NOUN
hibridismo,hybridism,NOUN
hidalgo,nobleman,X
hidalguía,nobility,X
hidrante,hydrant,ADJ
hidratación,hydration,NOUN
hidroavión,seaplane,X
hidrocarburo,hydrocarbon,X
hidrofobia,hydrophobia,X
hidrografía,hydrography,X
hidromiel,mead,X
hidrosfera,hydrosphere,NOUN
hidroterapia,hydrotherapy,X
hidráulico,hydraulic,ADJ
hidrógeno,hydrogen,X
hidrópico,hydropic,ADJ
hiel,bile,X
hierático,hieratic,ADJ
higiene,hygiene,X
higiénico,hygienic,ADJ
higo,fig,X
higuera,fig tree,NOUN
hilacha,thread,X
hilada,row,X
hilandería,spinning mill,X
hilar,to spin/think,VERB
hilatura,spinning,NOUN
hilaza,yarn,X
hilera,row,NOUN
hilván,basting,X
himeneo,marriage,X
himnario,hymnal,X
himno,hymn/anthem,X
hincado,kneeling,VERB
hincapié,emphasis,X
hincar,to thrust,VERB
hincha,fan,X
hinchado,swollen,VERB
hinchar,to inflate/swell,VERB
hindi,Hindi,X
hinduismo,Hinduism,NOUN
hindú,Hindu,X
hinojo,fennel,X
hiperbólico,hyperbolic,ADJ
hipertensión,hypertension,X
hipertrofia,hypertrophy,X
hipnosis,hypnosis,X
hipnotizar,to hypnotize,VERB
hipocondría,hypochondria,X
hipocondríaco,hypochondriac,X
hipocresía,hypocrisy,X
hipoteca,mortgage,X
hipotecar,to mortgage,VERB
hipotensión,hypotension,X
hipotermia,hypothermia,X
hipotético,hypothetical,ADJ
hipérbaton,hyperbaton,X
hipérbole,hyperbole,X
hipócrita,hypocrite,X
hipótesis,hypothesis,X
hirsuto,hirsute,X
hispalense,from Seville,X
hispano,Hispanic,X
hispánico,Hispanic,ADJ
histerectomía,hysterectomy,X
histeria,hysteria,X
historiador,historian,NOUN
historicidad,historicity,NOUN
historicismo,historicism,NOUN
historicista,historicist,NOUN
historieta,comic strip,X
historiografía,historiography,X
histrión,actor,X
histriónico,histrionic,ADJ
histérico,hysterical,ADJ
histórico,historical,ADJ
hito,milestone,X
hocico,snout,ADJ
hogareño,homely,X
hogaza,loaf,X
hoguera,bonfire,NOUN
hojalata,tinplate,X
hojalatero,tinsmith,X
hojaldre,puff pastry,X
hojarasca,fallen leaves,X
hojear,to leaf through,VERB
holandés,Dutch,X
holgado,loose,VERB
holganza,leisure,NOUN
holgar,to be unnecessary,VERB
holgazanear,to laze,VERB
holgazán,lazy,X
holgura,roominess,NOUN
hollar,to tread,VERB
hollín,soot,X
holocausto,holocaust,X
holograma,hologram,X
hombrada,manly deed,X
hombruno,mannish,X
hombría,manliness,X
homenaje,homage,X
homenajeado,honoree,VERB
homenajear,to pay homage to,VERB
homeopatía,homeopathy,X
homilético,homiletic,ADJ
homilía,homily,X
hominización,hominization,NOUN
homogeneidad,homogeneity,NOUN
homogeneizar,to homogenize,VERB
homogéneo,homogeneous,X
homologar,to homologate,VERB
homonimia,homonymy,X
homosexualidad,homosexuality,NOUN
homónimo,homonym,X
honda,sling,X
hondamente,deeply,X
hondonada,hollow,X
hondura,depth,NOUN
hongo,fungus/mushroom,X
honorabilidad,honorability,NOUN
honorario,honorary,X
honorarios,fees,X
honorífico,honorific,ADJ
honra,honor,X
honradamente,honestly,X
honradez,honesty,X
honrar,to honor,VERB
honroso,honorable,ADJ
hontanar,spring,VERB
hopear,to glide,VERB
horadar,to perforate,VERB
horca,gallows,X
horcajadas,astride,X
horda,horde,X
horizontal,horizontal,ADJ
horizonte,horizon,X
horma,mold,X
hormiga,ant,X
hormigueante,tingling,ADJ
hormigueo,tingling,X
hormiguero,anthill,X
hormigón,concrete,X
hormona,hormone,X
hormonal,hormonal,ADJ
hornacina,niche,X
hornada,batch,X
hornaza,small forge,X
hornilla,burner,X
horrendo,horrible,X
horripilante,horrifying,ADJ
horripilar,to horrify,VERB
horrorizado,horrified,VERB
horrorizar,to horrify,VERB
horrísono,deafening,X
hortaliza,vegetable,X
hortelano,gardener,X
horóscopo,horoscope,X
hosco,gruff,X
hospedaje,lodging,X
hospedar,to host,VERB
hospedería,inn,X
hospicio,hospice,X
hospitalario,hospitable,X
hospitalidad,hospitality,NOUN
hospitalización,hospitalization,NOUN
hospitalizar,to hospitalize,VERB
hostal,hostel,ADJ
hostigamiento,harassment,X
hostigar,to harass,VERB
hostilidad,hostility,NOUN
hostilizar,to harass,VERB
hotelero,hotelier,X
hoyada,depression,X
hozar,to root,VERB
huelguista,striker,NOUN
huerta,orchard,X
huerto,vegetable garden,X
huesoso,bony,ADJ
hueste,host/army,X
huesudo,bony,X
huevera,egg carton,NOUN
huida,flight,X
huidizo,elusive,X
hule,rubber,X
hulera,catapult,NOUN
humanismo,humanism,NOUN
humanista,humanist,NOUN
humanitario,humanitarian,X
humanización,humanization,NOUN
humanizar,to humanize,VERB
humareda,smoke cloud,X
humeante,smoking,ADJ
humear,to smoke,VERB
humedad,humidity,NOUN
humedecer,to moisten,VERB
humildad,humility,NOUN
humillación,humiliation,NOUN
humillante,humiliating,ADJ
humillar,to humiliate,VERB
humorismo,humor,NOUN
humorista,humorist,NOUN
humorístico,humorous,ADJ
humus,humus,X
hundir,to sink,VERB
huracán,hurricane,X
huraño,unsociable,X
hurgar,to rummage,VERB
hurtadillas,furtively,X
hurtar,to steal,VERB
hurto,theft,X
hurón,ferret,X
husky,husky,X
husmear,to sniff,VERB
huérfano,orphan,X
hábil,skillful,X
hálito,breath,X
hélice,helix,X
híbrido,hybrid,VERB
hípica,equestrianism,X
hípico,equestrian,ADJ
húmedo,humid/wet,X
ibero,Iberian,X
ibérico,Iberian,ADJ
iceberg,iceberg,X
icono,icon,X
iconoclasta,iconoclast,X
iconográfico,iconographic,ADJ
ictericia,jaundice,X
icónico,iconic,ADJ
ida,one-way,X
idealismo,idealism,NOUN
idealista,idealist,NOUN
idealizar,to idealize,VERB
ideario,ideology,X
ideología,ideology,X
ideológico,ideological,ADJ
ideático,ideational,ADJ
idilio,idyll,X
idiomático,idiomatic,ADJ
idiosincrasia,idiosyncrasy,X
idiotez,idiocy,X
idolatrar,to idolize,VERB
idolatría,idolatry,X
idoneidad,suitability,NOUN
idéntico,identical,ADJ
idóneo,suitable,X
ignición,ignition,NOUN
ignorancia,ignorance,NOUN
ignorante,ignorant,ADJ
ignoto,unknown,X
igualar,to equalize,VERB
igualitario,egalitarian,X
ilegalidad,illegality,NOUN
ilegítimo,illegitimate,X
ileso,unharmed,X
iletrado,illiterate,VERB
ilimitado,unlimited,VERB
iluminación,illumination,NOUN
iluminar,to illuminate,VERB
ilusionar,to thrill,VERB
iluso,deluded,X
ilustración,illustration,NOUN
ilustrado,illustrated/enlightened,VERB
ilustrar,to illustrate,VERB
ilustrativo,illustrative,ADJ
ilustre,illustrious,X
ilíaco,iliac,X
ilícito,illicit,X
ilógico,illogical,ADJ
imaginable,imaginable,ADJ
imaginario,imaginary,X
imaginativo,imaginative,ADJ
imbatible,unbeatable,ADJ
imbecilidad,imbecility,NOUN
imborrable,indelible,ADJ
imbricar,to overlap,VERB
imbuir,to imbue,VERB
imitable,imitable,ADJ
imitación,imitation,NOUN
imitar,to imitate,VERB
impaciencia,impatience,NOUN
impaciente,impatient,X
impalpable,impalpable,ADJ
impar,uneven,VERB
imparcial,impartial,ADJ
imparcialidad,impartiality,NOUN
impartir,to impart,VERB
impasible,impassive,ADJ
impavidez,fearlessness,X
impecable,impeccable,ADJ
impedimento,impediment,X
impeler,to impel,VERB
impenetrable,impenetrable,ADJ
impenitente,unrepentant,X
impensable,unthinkable,ADJ
imperante,prevailing,ADJ
imperar,to prevail/rule,VERB
imperativo,imperative,ADJ
imperceptible,imperceptible,ADJ
imperdible,unmissable,ADJ
imperdonable,unforgivable,ADJ
imperecedero,everlasting,X
imperfección,imperfection,NOUN
imperfecto,imperfect,X
imperial,imperial,ADJ
imperialismo,imperialism,NOUN
imperialista,imperialist,NOUN
imperioso,imperious,ADJ
impermeabilizar,to waterproof,VERB
impermeable,waterproof/raincoat,ADJ
impersonal,impersonal,ADJ
impertinencia,impertinence,NOUN
impertinente,impertinent,X
imperturbabilidad,imperturbability,NOUN
imperturbable,imperturbable,ADJ
impetrar,to entreat,VERB
impetuoso,impetuous,ADJ
impiedad,impiety,NOUN
implacable,implacable,ADJ
implantación,implantation,NOUN
implantar,to implant,VERB
implementación,implementation,NOUN
implementar,to implement,VERB
implicación,implication,NOUN
implicar,to imply/involve,VERB
implorar,to implore,VERB
implícito,implicit,X
imponderable,imponderable,ADJ
imponente,imposing,X
imponer,to impose,VERB
impopular,unpopular,VERB
importación,importation,NOUN
importunar,to importune,VERB
importuno,inopportune,X
imposibilidad,impossibility,NOUN
imposibilitar,to make impossible,VERB
imposición,imposition,NOUN
impostor,impostor,NOUN
impostura,imposture,NOUN
impotencia,impotence,NOUN
impotente,impotent,X
impracticable,impracticable,ADJ
imprecación,imprecation,NOUN
imprecar,to imprecate,VERB
impreciso,imprecise,X
impredecible,unpredictable,ADJ
impregnación,impregnation,NOUN
impregnar,to impregnate,VERB
imprenta,printing,X
imprescindible,essential,ADJ
impresionar,to impress,VERB
impreso,printed,X
impresor,printer,NOUN
impresora,printer (machine),X
imprevisible,unforeseeable,ADJ
imprevisión,improvidence,X
imprevisto,unexpected,X
imprimir,to print,VERB
improbable,improbable,ADJ
improcedente,inadmissible,X
improductivo,unproductive,ADJ
impronta,imprint,X
improperio,insult,X
impropio,improper,X
improrrogable,non-extendable,ADJ
improvisación,improvisation,NOUN
improvisar,to improvise,VERB
improviso,impromptu,X
imprudencia,imprudence,NOUN
imprudente,imprudent,X
impudicia,immodesty,X
impuesto,tax,X
impugnable,contestable,ADJ
impugnación,impugnment,NOUN
impugnar,to impugn,VERB
impulsar,to push/promote,VERB
impulsivo,impulsive,ADJ
impulsor,promoter,NOUN
impune,unpunished,X
impunidad,impunity,NOUN
impureza,impurity,X
impuro,impure,X
imputable,imputable,ADJ
imputación,imputation,NOUN
imputar,to impute,VERB
impávido,undaunted,VERB
impío,impious,X
impúdico,impudent,ADJ
imán,magnet,X
inabordable,unapproachable,ADJ
inacabable,endless,ADJ
inaccesible,inaccessible,ADJ
inacción,inaction,NOUN
inaceptable,unacceptable,ADJ
inactivo,inactive,ADJ
inadaptación,maladjustment,NOUN
inadaptado,maladjusted,VERB
inadecuado,inadequate,VERB
inadmisible,inadmissible,ADJ
inadvertencia,inadvertence,NOUN
inadvertido,unnoticed,VERB
inafectado,unaffected,VERB
inagotable,inexhaustible,ADJ
inalcanzable,unreachable,ADJ
inalienable,inalienable,ADJ
inalterable,unalterable,ADJ
inamovible,immovable,ADJ
inanición,starvation,NOUN
inanimado,inanimate,VERB
inapelable,unappealable,ADJ
inapetencia,lack of appetite,NOUN
inaplazable,unpostponable,ADJ
inapreciable,inappreciable,ADJ
inapropiado,inappropriate,VERB
inarmonioso,inharmonious,ADJ
inasequible,unattainable,ADJ
inasible,intangible,ADJ
inasistencia,absence,NOUN
inaudible,inaudible,ADJ
inaudito,unprecedented,X
inauguración,inauguration,NOUN
inaugurar,to inaugurate,VERB
incalculable,incalculable,ADJ
incalificable,unspeakable,ADJ
incandescencia,incandescence,NOUN
incandescente,incandescent,X
incansable,tireless,ADJ
incapacidad,incapacity,NOUN
incapacitar,to incapacitate,VERB
incardinar,to incardinate,VERB
incautación,seizure,NOUN
incautar,to seize,VERB
incautarse,to seize,X
incauto,gullible,X
incendiar,to set on fire,VERB
incendiario,incendiary,X
incentivo,incentive,ADJ
inceptive,inceptive,X
incertidumbre,uncertainty,X
incesante,incessant,ADJ
incidencia,incidence,NOUN
incidental,incidental,ADJ
incidir,to fall on,VERB
incienso,incense,X
incierto,uncertain,X
incineración,incineration,NOUN
incinerador,incinerator,NOUN
incinerar,to incinerate,VERB
incipiente,incipient,X
incisivo,incisive,ADJ
incisión,incision,X
inciso,clause,X
incitación,incitement,NOUN
incitante,inciting,ADJ
incitar,to incite,VERB
incivil,uncivil,X
inclasificable,unclassifiable,ADJ
inclemencia,inclemency,NOUN
inclemente,inclement,X
inclinación,inclination,NOUN
inclinar,to incline,VERB
inclito,illustrious,X
incluir,to include,VERB
inclusión,inclusion,X
incoación,initiation,NOUN
incoar,to initiate,VERB
incoativo,inchoative,ADJ
incoercible,incoercible,ADJ
incoherencia,incoherence,NOUN
incoherente,incoherent,X
incoloro,colorless,X
incombustible,incombustible,ADJ
incomestible,inedible,ADJ
incomible,inedible,ADJ
incomodar,to disturb,VERB
incomodidad,inconvenience,NOUN
incomparable,incomparable,ADJ
incompatibilidad,incompatibility,NOUN
incompatible,incompatible,ADJ
incompetencia,incompetence,NOUN
incompetente,incompetent,X
incompleto,incomplete,X
incomprendido,misunderstood,VERB
incomprensible,incomprehensible,ADJ
incomprensión,incomprehension,X
incomunicación,isolation,NOUN
incomunicado,incommunicado,VERB
incomunicar,to isolate,VERB
inconcebible,inconceivable,ADJ
inconciliable,irreconcilable,ADJ
inconcluso,inconclusive,X
incondicional,unconditional,ADJ
inconexión,disconnection,X
inconexo,disjointed,X
inconfesable,unmentionable,ADJ
inconforme,nonconformist,X
inconformista,nonconformist,NOUN
inconfundible,unmistakable,ADJ
incongruencia,incongruence,NOUN
incongruente,incongruent,X
inconmensurable,immeasurable,ADJ
inconmovible,unshakable,ADJ
inconquistable,unconquerable,ADJ
inconsciencia,unconsciousness,NOUN
inconsecuente,inconsistent,X
inconsiderado,inconsiderate,VERB
inconsistencia,inconsistency,NOUN
inconsistente,inconsistent,X
inconsolable,inconsolable,ADJ
inconstante,inconstant,ADJ
incontable,uncountable,ADJ
incontrolable,uncontrollable,ADJ
inconveniencia,inconvenience,NOUN
inconveniente,inconvenient,X
incorporar,to incorporate,VERB
incorrecto,incorrect,X
increpar,to rebuke,VERB
incriminar,to incriminate,VERB
incrustar,to embed,VERB
incrédulo,incredulous,X
inculcar,to inculcate,VERB
inculpar,to charge/blame,VERB
incumbir,to concern,VERB
incumplimiento,non-compliance,X
incumplir,to fail to fulfill,VERB
incurable,incurable,ADJ
incurrir,to incur,VERB
incógnita,unknown/mystery,X
incógnito,incognito,X
indagar,to investigate,VERB
indecente,indecent,X
indecisión,indecision,X
indeciso,indecisive,X
indefenso,defenseless,X
indefinido,indefinite,VERB
indemnización,compensation,NOUN
independencia,independence,NOUN
independizar,to make independent,VERB
indescriptible,indescribable,ADJ
indestructible,indestructible,ADJ
indeterminado,indeterminate,VERB
indicación,indication,NOUN
indicar,to indicate/point out,VERB
indicio,clue,X
indiferencia,indifference,NOUN
indiferente,indifferent,X
indigente,indigent,X
indigestión,indigestion,X
indignación,indignation,NOUN
indignado,indignant,VERB
indignar,to outrage,VERB
indigno,unworthy,X
indirecto,indirect,X
indiscreción,indiscretion,NOUN
indiscreto,indiscreet,X
indispensable,indispensable,ADJ
indistinguible,indistinguishable,ADJ
indistinto,indistinct,X
individual,individual,ADJ
individualismo,individualism,NOUN
indivisible,indivisible,ADJ
inducir,to induce,VERB
indudable,undoubted,ADJ
indudablemente,undoubtedly,X
indulgencia,indulgence,NOUN
indulgente,indulgent,X
indultar,to pardon,VERB
indulto,pardon,X
indumentaria,clothing,X
industrial,industrial,ADJ
indígena,indigenous,X
indómito,indomitable,X
ineficaz,ineffective,X
ineficiencia,inefficiency,NOUN
ineficiente,inefficient,X
ineptitud,ineptitude,X
inepto,inept,X
inerme,defenseless,X
inerte,inert,X
inestabilidad,instability,NOUN
inexacto,inexact,X
inexcusable,inexcusable,ADJ
inexistente,nonexistent,X
inexorable,inexorable,ADJ
inexperto,inexperienced,X
inexplicable,inexplicable,ADJ
inexpresivo,inexpressive,ADJ
infame,infamous,X
infamia,infamy,X
infatigable,tireless,ADJ
infectar,to infect,VERB
inferioridad,inferiority,NOUN
infernal,infernal,ADJ
infestar,to infest,VERB
infidelidad,infidelity,NOUN
infiltrar,to infiltrate,VERB
infinidad,infinity,NOUN
infinito,infinite,X
inflación,inflation,NOUN
inflamable,flammable,ADJ
inflamación,inflammation,NOUN
inflamar,to inflame,VERB
inflar,to inflate,VERB
inflexible,inflexible,ADJ
infligir,to inflict,VERB
influir,to influence,VERB
informativo,informative,ADJ
informática,computer science,X
infortunio,misfortune,X
infracción,infraction,NOUN
infringir,to infringe,VERB
infructuoso,fruitless,ADJ
infundir,to instill,VERB
ingenioso,ingenious,ADJ
ingenuidad,naivety,NOUN
ingenuo,naive,X
ingerir,to ingest,VERB
ingrato,ungrateful,X
ingrediente,ingredient,X
ingresar,to enter/deposit,VERB
ingreso,income/entry,X
inherente,inherent,X
inhibición,inhibition,NOUN
inhibir,to inhibit,VERB
inhumación,burial,NOUN
inhumanidad,inhumanity,NOUN
inhumano,inhuman,X
inhóspito,inhospitable,X
inicialmente,initially,X
ininteligible,unintelligible,ADJ
ininterrumpido,uninterrupted,VERB
inmaculado,immaculate,VERB
inmaduro,immature,X
inmanente,inherent,X
inmediación,proximity,NOUN
inmejorable,unbeatable,ADJ
inmemorable,immemorial,ADJ
inmensidad,immensity,NOUN
inmenso,immense/huge,X
inmerecido,undeserved,VERB
inmersión,immersion,X
inmerso,immersed,X
inmigración,immigration,NOUN
inmigrante,immigrant,ADJ
inminente,imminent,X
inmiscuirse,to meddle,X
inmoral,immoral,ADJ
inmoralidad,immorality,NOUN
inmortalidad,immortality,NOUN
inmovilizar,to immobilize,VERB
inmueble,property,X
inmundo,filthy,X
inmune,immune,X
inmutable,unchanging,ADJ
inmóvil,motionless,X
innato,innate,X
innecesario,unnecessary,X
innegable,undeniable,ADJ
innovación,innovation,NOUN
innovador,innovative,NOUN
innumerable,innumerable,ADJ
inocuo,harmless,X
inoportuno,inopportune,X
inquietante,disturbing,ADJ
inquietar,to disturb,VERB
inquietud,worry/unrest,X
inquilino,tenant,X
inquisición,inquisition,NOUN
inquisitivo,inquisitive,ADJ
insaciable,insatiable,ADJ
insano,insane,X
inscribir,to enroll/inscribe,VERB
inscripción,inscription/enrollment,NOUN
insecto,insect,X
inseguridad,insecurity,NOUN
inseguro,insecure,X
inseminación,insemination,NOUN
insensato,senseless,X
insensibilidad,insensitivity,NOUN
insensible,insensitive,ADJ
inseparable,inseparable,ADJ
insertar,to insert,VERB
inservible,useless,ADJ
insidioso,insidious,ADJ
insignia,insignia,X
insinuación,insinuation,NOUN
insinuar,to insinuate,VERB
insistir,to insist,VERB
insolencia,insolence,NOUN
insolente,insolent,X
insolvente,insolvent,X
insomnio,insomnia,X
insondable,unfathomable,ADJ
inspeccionar,to inspect,VERB
inspirar,to inspire/inhale,VERB
instalar,to install,VERB
instancia,instance/request,NOUN
instantáneo,instantaneous,X
instaurar,to establish,VERB
institucional,institutional,ADJ
instituir,to institute,VERB
instrucción,instruction,NOUN
instructor,instructor,NOUN
instruir,to instruct,VERB
insuficiencia,insufficiency,NOUN
insuficiente,insufficient,X
insufrible,insufferable,ADJ
insulina,insulin,X
insulso,bland,X
insultar,to insult,VERB
insumiso,defiant,X
insuperable,insurmountable,ADJ
insurrección,insurrection,NOUN
intacto,intact,X
integral,integral,ADJ
integrar,to integrate,VERB
intelecto,intellect,X
intemperie,outdoors,X
intencionado,deliberate,VERB
intencional,intentional,ADJ
intensidad,intensity,NOUN
intensificar,to intensify,VERB
intercambiar,to exchange,VERB
interceder,to intercede,VERB
interceptar,to intercept,VERB
interesar,to interest,VERB
interfaz,interface,X
interferencia,interference,NOUN
interferir,to interfere,VERB
interjección,interjection,NOUN
intermedio,intermediate,X
interminable,interminable,ADJ
intermitente,intermittent,X
internar,to commit/intern,VERB
interpolar,to interpolate,VERB
interpretación,interpretation,NOUN
interpretar,to interpret,VERB
interrogación,interrogation,NOUN
interrogante,question,ADJ
interrogar,to interrogate,VERB
intersección,intersection,NOUN
intervenir,to intervene,VERB
interventor,inspector/auditor,NOUN
intestino,intestine,X
intimidar,to intimidate,VERB
intolerable,intolerable,ADJ
intolerancia,intolerance,NOUN
intolerante,intolerant,ADJ
intoxicación,intoxication,NOUN
intoxicar,to intoxicate,VERB
intransigente,intransigent,X
intratable,intractable,ADJ
intriga,intrigue,X
intrigante,intriguing,ADJ
intrigar,to intrigue,VERB
intrincado,intricate,VERB
introducción,introduction,NOUN
introducir,to introduce,VERB
intromisión,intrusion,X
intruso,intruder,X
intrépido,intrepid,VERB
intríngulis,intricacy,X
intuición,intuition,NOUN
intuir,to intuit,VERB
intérprete,interpreter,X
inundación,flood,NOUN
inundar,to flood,VERB
invadir,to invade,VERB
invariable,invariable,ADJ
invasor,invader,NOUN
invencible,invincible,ADJ
inventario,inventory,X
invento,invention,X
inventor,inventor,NOUN
invernadero,greenhouse,X
invernal,wintry,ADJ
inverosímil,unlikely,X
inviable,unviable,ADJ
invidente,blind,X
inviolable,inviolable,ADJ
invocación,invocation,NOUN
invocar,to invoke,VERB
involucrar,to involve,VERB
involuntario,involuntary,X
inyectar,to inject,VERB
inútilmente,uselessly,X
iracundo,wrathful,X
ironizar,to be ironic,VERB
ironía,irony,X
irracional,irrational,ADJ
irradiar,to radiate,VERB
irreal,unreal,ADJ
irrealidad,unreality,NOUN
irreconciliable,irreconcilable,ADJ
irrecuperable,irretrievable,ADJ
irreemplazable,irreplaceable,ADJ
irreflexivo,unreflective,ADJ
irregular,irregular,VERB
irregularidad,irregularity,NOUN
irrelevante,irrelevant,ADJ
irreligioso,irreligious,ADJ
irremediable,irremediable,ADJ
irreparable,irreparable,ADJ
irrepetible,unrepeatable,ADJ
irreprochable,irreproachable,ADJ
irresistible,irresistible,ADJ
irresponsable,irresponsible,ADJ
irrevocable,irrevocable,ADJ
irrigar,to irrigate,VERB
irritable,irritable,ADJ
irritación,irritation,NOUN
irritante,irritating,ADJ
irritar,to irritate,VERB
irrumpir,to burst in,VERB
isleño,islander,X
islámico,Islamic,ADJ
istmo,isthmus,X
itinerario,itinerary,X
jadear,to pant,VERB
jaqueca,migraine,X
jarabe,syrup,X
jardinero,gardener,X
jardinería,gardening,X
jarrón,vase,X
jazmín,jasmine,X
jefatura,headquarters,NOUN
jerarquía,hierarchy,X
jerga,jargon,X
jeringa,syringe,X
jeroglífico,hieroglyphic,ADJ
jirafa,giraffe,X
jolgorio,merriment,X
jornada,workday,X
jornal,daily wage,ADJ
jornalero,day laborer,X
joyería,jewelry/jeweler,X
jubilación,retirement,NOUN
jubilar,to retire,VERB
jubileo,jubilee,X
juerga,party/spree,X
jueza,female judge,X
juramentar,to swear,VERB
jurar,to swear,VERB
jurisprudencia,jurisprudence,NOUN
jurista,jurist,NOUN
jurídico,legal,ADJ
justamente,exactly,X
justeza,justness,X
justificable,justifiable,ADJ
justificación,justification,NOUN
justificar,to justify,VERB
juvenil,youthful,X
júbilo,jubilation,X
kilo,kilo,X
kilogramo,kilogram,X
kilómetro,kilometer,X
kiosco,kiosk,X
laberinto,labyrinth,X
labio,lip,X
labor,labor/work,NOUN
laborable,working,ADJ
laboral,labor-related,ADJ
laboriosamente,laboriously,X
laborioso,laborious,ADJ
labrador,farmer,NOUN
labrar,to plow/cultivate,VERB
laca,lacquer,X
ladera,slope,NOUN
ladrar,to bark,VERB
ladrillo,brick,X
lagartija,lizard,X
lagarto,lizard,X
lagrimear,to tear up,VERB
laguna,lagoon,X
laico,layperson,ADJ
lamentar,to regret/be sorry,VERB
lametón,lick,X
langosta,lobster,X
languidecer,to languish,VERB
languidez,languor,X
lapso,lapse,X
laptop,laptop,X
largura,length,NOUN
laringe,larynx,X
larva,larva,X
lasitud,lassitude,X
laso,weary,X
lastimoso,pitiful,ADJ
lastre,ballast,X
lateral,lateral,ADJ
latido,heartbeat,VERB
latifundio,large estate,X
latino,Latin,X
latir,to beat,VERB
latitud,latitude,X
latín,Latin,X
lavadero,laundry room,X
lavadora,washing machine,X
lavavajillas,dishwasher,X
laxante,laxative,ADJ
laxitud,laxity,X
laxo,lax,X
lazada,bow,X
lechero,milkman,X
lágrima,tear,X
macabro,macabre,X
macerar,to macerate,VERB
machacar,to crush/hammer,VERB
macizo,solid/massif,X
madurez,maturity,X
magnate,tycoon,X
magnánimo,magnanimous,X
majestuoso,majestic,ADJ
malestar,discomfort/unease,VERB
maltrato,mistreatment,X
malversar,to embezzle,VERB
mampara,screen/partition,X
manantial,spring,ADJ
mandamás,big shot/boss,X
mandato,mandate/term,X
mandíbula,jaw,X
manifiesto,manifesto/obvious,X
maniobra,maneuver,X
manipular,to manipulate,VERB
manjar,delicacy,VERB
manto,cloak/mantle,X
maquiavélico,Machiavellian,ADJ
maquillar,to put makeup on,VERB
maquinaria,machinery,X
marasmo,stagnation,X
marino,marine/sailor,X
marioneta,puppet,X
martirio,martyrdom/torment,X
masivo,massive,ADJ
matriarca,matriarch,X
matriz,matrix/womb,X
mazmorra,dungeon,X
meandro,meander,X
mecenas,patron,X
mediano,medium-sized,X
mediar,to mediate,VERB
mediocre,mediocre,X
meditabundo,pensive,X
megalómano,megalomaniac,X
melancolía,melancholy,X
melodrama,melodrama,X
membrana,membrane,X
mención,mention,NOUN
mendigar,to beg,VERB
menguar,to wane/decrease,VERB
menoscabar,to undermine,VERB
mercenario,mercenary,X
merecer,to deserve,VERB
meticuloso,meticulous,ADJ
metálico,metallic/cash,ADJ
mezclar,to mix,VERB
milenario,millenary/ancient,X
minucioso,thorough/detailed,ADJ
miramiento,consideration,X
misiva,missive/letter,X
misántropo,misanthrope,X
mitigar,to mitigate,VERB
moción,motion,NOUN
modalidad,mode/type,NOUN
modorra,drowsiness,X
monarca,monarch,X
monasterio,monastery,X
monótono,monotonous,X
morada,dwelling,X
moratoria,moratorium,X
mordaz,biting/sarcastic,X
morder,to bite,VERB
mortífero,deadly,X
mosaico,mosaic,ADJ
motivación,motivation,NOUN
mudanza,move/relocation,NOUN
mudo,mute,X
mugre,grime,X
municipal,municipal,ADJ
muralla,wall/rampart,X
mutilar,to mutilate,VERB
mutuo,mutual,X
músculo,muscle,X
nacionalidad,nationality,NOUN
nefasto,disastrous,X
negligencia,negligence,NOUN
neutral,neutral,ADJ
neófito,neophyte/beginner,X
nimio,trivial,X
nombrar,to name/appoint,VERB
normativa,regulations,X
nostalgia,nostalgia,X
notable,notable/remarkable,ADJ
notorio,notorious/evident,X
novicio,novice,X
numeroso,numerous,ADJ
nítido,clear/sharp,VERB
nómada,nomad,X
obcecado,obstinate/blinded,VERB
oblicuo,oblique,X
obligar,to force,VERB
obsequio,gift,X
obsoleto,obsolete,X
obstinado,stubborn,VERB
obstáculo,obstacle,X
ocasional,occasional,ADJ
ocaso,decline/sunset,X
ocupación,occupation,NOUN
odisea,odyssey,X
ofensiva,offensive,X
ofuscar,to dazzle/confuse,VERB
ominoso,ominous,ADJ
omitir,to omit,VERB
oponerse,to oppose,X
opulento,opulent,X
ordenanza,ordinance/orderly,NOUN
oriental,eastern,ADJ
ornamento,ornament,X
ortodoxo,orthodox,X
oráculo,oracle,X
osadía,boldness,X
oscilar,to oscillate,VERB
ostentar,to display/hold,VERB
ostracismo,ostracism,NOUN
otorgar,to grant,VERB
padecimiento,ailment/suffering,X
paliar,to alleviate,VERB
palpable,palpable,ADJ
panacea,panacea,X
pantalón,trousers/pants,X
paradigma,paradigm,X
paraje,place/spot,X
paralelo,parallel,X
paramédico,paramedic,ADJ
paranoia,paranoia,X
paria,outcast,X
paroxismo,paroxysm,NOUN
parsimonia,parsimony/slowness,X
patata,potato,X
patología,pathology,X
patíbulo,scaffold/gallows,X
pecuniario,monetary,X
penal,criminal/penal,ADJ
penetrar,to penetrate/enter,VERB
percepción,perception,NOUN
perentorio,urgent/peremptory,X
pericia,expertise,X
perjuicio,harm/prejudice,X
perpetrar,to perpetrate,VERB
perplejo,perplexed,X
perspicaz,perceptive,X
pertenecer,to belong,VERB
pertinaz,persistent,X
pestilente,pestilent/stinking,X
picaresco,picaresque/roguish,X
pilar,pillar,VERB
placidez,calmness,X
plagio,plagiarism,X
planear,to plan,VERB
plantear,to raise/propose,VERB
plebeyo,commoner,X
plenitud,fullness,X
polémica,controversy,X
ponencia,presentation/paper,NOUN
pormenor,detail,NOUN
portarse,to behave,X
portavoz,spokesperson,X
postergar,to postpone,VERB
postrero,last/final,X
precariedad,precariousness,NOUN
predecir,to predict,VERB
preferir,to prefer,VERB
premonición,premonition,NOUN
prenda,garment,X
preocupar,to worry,VERB
prepotente,arrogant,X
presagio,omen,X
presteza,swiftness,X
prestigio,prestige,X
presumir,to show off/presume,VERB
presunción,presumption,NOUN
presunto,alleged,X
pretender,to intend/pretend,VERB
pretexto,pretext,X
previo,previous/prior,X
preámbulo,preamble,X
primordial,fundamental,ADJ
proclive,prone/inclined,X
proeza,feat,X
prohibición,ban/prohibition,NOUN
prohibir,to prohibit,VERB
prolífico,prolific,ADJ
prometer,to promise,VERB
promiscuo,promiscuous,X
promoción,promotion,NOUN
prontitud,promptness,X
propensión,propensity,X
protagonista,protagonist,NOUN
protestar,to protest,VERB
proyección,projection/screening,NOUN
prudencia,prudence,NOUN
próspero,prosperous,X
psicólogo,psychologist,X
pugna,struggle,X
pulcro,neat,X
pútrido,putrid,VERB
quebrar,to break/go bankrupt,VERB
quejarse,to complain,X
quimera,chimera/illusion,NOUN
radical,radical,ADJ
raigambre,roots/lineage,X
rapiña,plunder,X
rasgo,trait/feature,X
reaccionar,to react,VERB
reclamar,to claim/demand,VERB
recomendar,to recommend,VERB
reconciliación,reconciliation,NOUN
reconstruir,to reconstruct,VERB
rectificar,to rectify,VERB
recóndito,hidden/remote,X
redención,redemption,NOUN
refulgente,shining,X
regalar,to give (a gift),VERB
relajar,to relax,VERB
relato,account/story,X
relegar,to relegate,VERB
reminiscencia,reminiscence,NOUN
rendirse,to surrender/give up,X
renuente,reluctant,X
repartir,to distribute/hand out,VERB
repasar,to review/check,VERB
repercusión,repercussion,X
representante,representative,ADJ
representar,to represent,VERB
repudio,repudiation,X
resabio,aftertaste/trace,X
resarcir,to compensate,VERB
resentimiento,resentment,X
reservar,to reserve,VERB
residuo,waste/residue,X
resquicio,crack/opening,X
restricción,restriction,NOUN
reticente,reticent,X
retribución,remuneration,NOUN
revelación,revelation,NOUN
reverencia,bow/reverence,NOUN
rimbombante,pompous,ADJ
rodear,to surround,VERB
rogar,to beg/pray,VERB
ráfaga,burst/gust,X
régimen,regime/diet,X
sagaz,shrewd,X
sanción,sanction/penalty,NOUN
santuario,sanctuary,X
saqueo,looting,X
sarcástico,sarcastic,ADJ
sastre,tailor,X
secar,to dry,VERB
secuestrar,to kidnap,VERB
sede,headquarters/venue,X
sedentario,sedentary,X
seducir,to seduce,VERB
segregar,to segregate/secrete,VERB
seguidor,follower,NOUN
semblante,countenance,ADJ
semilla,seed,X
seno,breast/bosom,X
sensato,sensible,X
sepulcro,tomb,X
serpenteante,winding,ADJ
señalar,to point out/signal,VERB
siniestro,sinister,X
soberano,sovereign,X
sobornar,to bribe,VERB
soborno,bribery,X
sobrar,to be left over,VERB
sofisma,sophism,X
soler,to usually do,VERB
solicitar,to request/apply,VERB
sorprender,to surprise,VERB
soslayar,to sidestep,VERB
sospechar,to suspect,VERB
subrepticio,surreptitious,X
sucumbir,to succumb,VERB
sugerir,to suggest,VERB
sumar,to add,VERB
suntuoso,sumptuous,ADJ
superfluo,superfluous,X
surgir,to arise/emerge,VERB
suspender,to fail/suspend,VERB
tangible,tangible,ADJ
tapar,to cover,VERB
tarifa,fare/rate,X
temblar,to tremble/shake,VERB
tenaz,tenacious,X
tendencia,trend/tendency,NOUN
testarudo,stubborn,X
traducir,to translate,VERB
traicionar,to betray,VERB
tranquilizar,to calm down,VERB
transformar,to transform,VERB
transgresión,transgression,X
trece,thirteen,X
triángulo,triangle,X
trompa,trunk/horn,X
tropa,troop,X
trémulo,trembling,X
turismo,tourism,NOUN
turista,tourist,NOUN
tácito,tacit,X
umbrío,shady/gloomy,X
usuario,user,X
usufructo,usufruct,X
vacilar,to hesitate/waver,VERB
valer,to be worth/cost,VERB
vehemente,vehement,X
vengarse,to avenge oneself,X
venidero,forthcoming,X
verbo,verb,X
verdura,vegetable,NOUN
verosímil,plausible,X
verso,verse,X
veterano,veteran,X
viajero,traveler,X
vicio,vice/bad habit,X
vicisitud,vicissitude,X
vilipendiar,to vilify,VERB
virulento,virulent,X
viudo,widower,X
vivienda,housing/dwelling,X
vorágine,maelstrom,X
yacimiento,deposit/site,X
yermo,barren land,X
yuxtaponer,to juxtapose,VERB
zafio,coarse/vulgar,X
zozobra,anxiety,X
ámbito,field/sphere,X
ápice,apex,X
árbitro,referee,X
árido,arid,VERB
áspero,rough,X
áspid,asp,X
ávido,avid,VERB
émulo,emulator,X
énfasis,emphasis,X
épica,epic,X
épico,epic,ADJ
ético,ethical,ADJ
étnico,ethnic,ADJ
éxodo,exodus,X
éxtasis,ecstasy,X
ígneo,igneous,X
ímpetu,impetus,X
ímprobo,arduous,X
índice,index,X
índole,nature,X
ínfimo,lowest,X
ínfulas,airs,X
íntegro,integral/whole,X
íntimo,intimate/close,X
gasto,expense,NOUN
gasto,expense,VERB
