Chinese_Lemma,English_Lemma,Chinese_Lemma,POS
老百姓,ordinary people,老百姓,NOUN
老鼠,rat,老鼠,NOUN
耽误,to delay,耽误,VERB
联合,to unite,联合,VERB
聚会,gathering,聚会,NOUN
肌肉,muscle,肌肉,NOUN
股票,stock,股票,NOUN
肥皂,soap,肥皂,NOUN
肩膀,shoulder,肩膀,NOUN
肺,lung,肺,NOUN
胃,stomach,胃,NOUN
胆小鬼,coward,胆小鬼,NOUN
背,back,背,NOUN
背景,background,背景,NOUN
胜利,victory,胜利,NOUN
胡同,alley,胡同,NOUN
胡说,to talk nonsense,胡说,VERB
胡须,beard,胡须,NOUN
胳膊,arm,胳膊,NOUN
胶水,glue,胶水,NOUN
胸,chest,胸,NOUN
能干,capable,能干,ADJ
能源,energy,能源,NOUN
脑袋,head,脑袋,NOUN
脖子,neck,脖子,NOUN
腰,waist,腰,NOUN
自从,since,自从,ADP
自信,self-confident,自信,ADJ
自动,automatic,自动,ADJ
自愿,voluntary,自愿,ADJ
自由,freedom,自由,NOUN
自私,selfish,自私,ADJ
自觉,conscious,自觉,ADJ
自豪,proud,自豪,ADJ
臭,smelly,臭,ADJ
至于,as for,至于,ADP
至今,so far,至今,ADV
舅舅,maternal uncle,舅舅,NOUN
舌头,tongue,舌头,NOUN
舍不得,to be reluctant to part with,舍不得,VERB
舒适,comfortable,舒适,ADJ
良好,good,良好,ADJ
艰巨,arduous,艰巨,ADJ
艰苦,hard,艰苦,ADJ
节,festival,节,NOUN
节省,to save,节省,VERB
花生,peanut,花生,NOUN
苗条,slim,苗条,ADJ
英俊,handsome,英俊,ADJ
英雄,hero,英雄,NOUN
荣幸,honored,荣幸,ADJ
荣誉,honor,荣誉,NOUN
营业,to be open for business,营业,VERB
营养,nutrition,营养,NOUN
落后,to fall behind,落后,VERB
蔬菜,vegetable,蔬菜,NOUN
薄,thin,薄,ADJ
虚心,modest,虚心,ADJ
蛇,snake,蛇,NOUN
蜜蜂,bee,蜜蜂,NOUN
蜡烛,candle,蜡烛,NOUN
蝴蝶,butterfly,蝴蝶,NOUN
融化,to melt,融化,VERB
行业,industry,行业,NOUN
行为,behavior,行为,NOUN
行人,pedestrian,行人,NOUN
行动,action,行动,NOUN
补充,to supplement,补充,VERB
表情,expression,表情,NOUN
表明,to indicate,表明,VERB
表现,to perform,表现,VERB
表面,surface,表面,NOUN
装,clothing,装,NOUN
装饰,decoration,装饰,NOUN
要不,otherwise,要不,PART
要是,if,要是,PART
观察,observation,观察,NOUN
观念,concept,观念,NOUN
观点,viewpoint,观点,NOUN
规则,rule,规则,NOUN
规律,law,规律,NOUN
规模,scale,规模,NOUN
规矩,rule,规矩,NOUN
角度,angle,角度,NOUN
角色,role,角色,NOUN
解放,liberation,解放,NOUN
解说员,commentator,解说员,NOUN
计算,calculation,计算,NOUN
训练,training,训练,NOUN
议论,discussion,议论,NOUN
记录,record,记录,NOUN
记忆,memory,记忆,NOUN
讲座,lecture,讲座,NOUN
讲究,particularity,讲究,NOUN
论文,thesis,论文,NOUN
讽刺,satire,讽刺,NOUN
设备,equipment,设备,NOUN
设施,facilities,设施,NOUN
设计,design,设计,NOUN
证件,identification,证件,NOUN
证据,evidence,证据,NOUN
评价,evaluation,评价,NOUN
诊断,diagnosis,诊断,NOUN
试卷,exam paper,试卷,NOUN
诗,poem,诗,NOUN
诚恳,sincere,诚恳,ADJ
话题,topic,话题,NOUN
询问,to inquire,询问,VERB
语气,tone,语气,NOUN
说不定,perhaps,说不定,ADV
说服,to persuade,说服,VERB
请求,to request,请求,VERB
课程,course,课程,NOUN
调整,to adjust,调整,VERB
调皮,naughty,调皮,ADJ
谈判,to negotiate,谈判,VERB
谜语,riddle,谜语,NOUN
谦虚,modest,谦虚,ADJ
谨慎,cautious,谨慎,ADJ
豆腐,tofu,豆腐,NOUN
象征,to symbolize,象征,VERB
象棋,Chinese chess,象棋,NOUN
豪华,luxurious,豪华,ADJ
贡献,to contribute,贡献,VERB
财产,property,财产,NOUN
责备,to blame,责备,VERB
账户,account,账户,NOUN
贷款,loan,贷款,NOUN
贸易,trade,贸易,NOUN
费用,cost,费用,NOUN
资料,data,资料,NOUN
资格,qualification,资格,NOUN
资源,resource,资源,NOUN
资金,funds,资金,NOUN
赔偿,to compensate,赔偿,VERB
赞成,to approve,赞成,VERB
赞美,to praise,赞美,VERB
赶快,quickly,赶快,ADV
赶紧,hurriedly,赶紧,ADV
趁,to avail oneself of,趁,ADP
趋势,trend,趋势,NOUN
踩,to step on,踩,VERB
蹲,to crouch,蹲,VERB
身份,identity,身份,NOUN
身材,figure,身材,NOUN
躲藏,to hide oneself,躲藏,VERB
车厢,carriage,车厢,NOUN
车库,garage,车库,NOUN
转变,to change,转变,VERB
转告,to pass on,转告,VERB
轮流,to alternate,轮流,VERB
软件,software,软件,NOUN
轻视,to despise,轻视,VERB
辅导,to coach,辅导,VERB
输入,to input,输入,VERB
辞职,to resign,辞职,VERB
辣椒,chili pepper,辣椒,NOUN
辩论,to debate,辩论,VERB
达到,to reach,达到,VERB
迅速,rapid,迅速,ADJ
过分,excessive,过分,ADJ
过敏,to be allergic,过敏,VERB
过期,to be overdue,过期,VERB
迎接,to meet,迎接,VERB
运气,luck,运气,NOUN
运用,to use,运用,VERB
运输,to transport,运输,VERB
近代,modern times,近代,NOUN
进口,to import,进口,VERB
进步,to progress,进步,VERB
违反,to violate,违反,VERB
连忙,promptly,连忙,ADV
连续剧,serialized drama,连续剧,NOUN
迫切,urgent,迫切,ADJ
迷路,to lose one's way,迷路,VERB
追求,to pursue,追求,VERB
退,to retreat,退,VERB
退休,to retire,退休,VERB
退步,to regress,退步,VERB
逃,to escape,逃,VERB
逃避,to evade,逃避,VERB
选举,to elect,选举,VERB
透明,transparent,透明,ADJ
逐步,progressively,逐步,ADV
递,to hand over,递,VERB
逗,to tease,逗,VERB
通常,usually,通常,ADV
通讯,communication,通讯,NOUN
造成,to cause,造成,VERB
逻辑,logic,逻辑,NOUN
道德,morality,道德,NOUN
道理,reason,道理,NOUN
遗憾,regret,遗憾,NOUN
遵守,to comply with,遵守,VERB
避免,to avoid,避免,VERB
邮局,post office,邮局,NOUN
郊区,suburb,郊区,NOUN
部门,department,部门,NOUN
配合,to cooperate,配合,VERB
酒吧,bar,酒吧,NOUN
酱油,soy sauce,酱油,NOUN
醉,drunk,醉,ADJ
醋,vinegar,醋,NOUN
采取,to adopt,采取,VERB
采访,to interview,采访,VERB
重,heavy,重,ADJ
重复,to repeat,重复,VERB
重量,weight,重量,NOUN
金属,metal,金属,NOUN
针对,to target,针对,VERB
钓,to fish,钓,VERB
钟,clock,钟,NOUN
钢铁,steel,钢铁,NOUN
铃,bell,铃,NOUN
铜,copper,铜,NOUN
银,silver,银,NOUN
销售,sales,销售,NOUN
锁,lock,锁,NOUN
锅,pot,锅,NOUN
错误,mistake,错误,NOUN
键盘,keyboard,键盘,NOUN
长途,long-distance,长途,ADJ
闪电,lightning,闪电,NOUN
问候,greeting,问候,NOUN
闯,rush,闯,VERB
闻,smell,闻,VERB
阳台,balcony,阳台,NOUN
阵,bout,阵,NOUN
阶段,stage,阶段,NOUN
阻止,prevent,阻止,VERB
陆地,land,陆地,NOUN
陆续,successively,陆续,ADV
陌生,strange,陌生,ADJ
降落,land,降落,VERB
除,except,除,ADP
除夕,New Year's Eve,除夕,NOUN
除非,unless,除非,SCONJ
随时,at any time,随时,ADV
隔壁,next door,隔壁,NOUN
难怪,no wonder,难怪,ADV
难看,ugly,难看,ADJ
雄伟,majestic,雄伟,ADJ
集中,concentrate,集中,VERB
集体,collective,集体,NOUN
雇佣,employ,雇佣,VERB
零件,part,零件,NOUN
零钱,change,零钱,NOUN
零食,snack,零食,NOUN
雷,thunder,雷,NOUN
雾,fog,雾,NOUN
露,dew,露,NOUN
青,green/blue,青,ADJ
青少年,adolescent,青少年,NOUN
青春,youth,青春,NOUN
非,not,非,ADV
面临,to face,面临,VERB
面积,area,面积,NOUN
革命,revolution,革命,NOUN
鞭炮,firecracker,鞭炮,NOUN
顶,top,顶,NOUN
项目,project,项目,NOUN
项链,necklace,项链,NOUN
预报,forecast,预报,NOUN
预订,to book,预订,VERB
预防,to prevent,预防,VERB
领域,field,领域,NOUN
领导,leader,领导,NOUN
频道,channel,频道,NOUN
颗,classifier for small round objects,颗,NOUN
题目,topic,题目,NOUN
风俗,custom,风俗,NOUN
风格,style,风格,NOUN
风险,risk,风险,NOUN
飘,to float,飘,VERB
食物,food,食物,NOUN
餐厅,restaurant,餐厅,NOUN
馒头,steamed bun,馒头,NOUN
驾驶,to drive,驾驶,VERB
骂,to scold,骂,VERB
骨头,bone,骨头,NOUN
高档,high-grade,高档,ADJ
高速,high-speed,高速,ADJ
魅力,charm,魅力,NOUN
鲜艳,bright-colored,鲜艳,ADJ
鸽子,pigeon,鸽子,NOUN
麦克风,microphone,麦克风,NOUN
黄瓜,cucumber,黄瓜,NOUN
黄金,gold,黄金,NOUN
鼓舞,inspire,鼓舞,VERB
鼠标,mouse,鼠标,NOUN
龙,dragon,龙,NOUN
一下,a bit,一下,ADV
一下子,all at once,一下子,ADV
一丝不苟,meticulous,一丝不苟,ADJ
一举两得,kill two birds with one stone,一举两得,ADJ
一些,some,一些,DET
一再,repeatedly,一再,ADV
一半,half,一半,NOUN
一向,always,一向,ADV
一团糟,a mess,一团糟,ADJ
一场,one (event),一场,NUM
一块,one piece,一块,NUM
一堆,a pile,一堆,NUM
一声,a sound,一声,NUM
一夜,one night,一夜,NUM
一大堆,a big pile,一大堆,NUM
一天,one day,一天,NUM
一头,one head,一头,NUM
一套,one set,一套,NUM
一如既往,just as in the past,一如既往,ADV
一家,one family,一家,NUM
一家人,whole family,一家人,NOUN
一对,a pair,一对,NUM
一帆风顺,smooth sailing,一帆风顺,ADJ
一年,one year,一年,NUM
一度,for a time,一度,ADV
一座,one (building),一座,NUM
一张,one (flat),一张,NUM
一律,same,一律,ADV
一把,one handful,一把,NUM
一支,one stick,一支,NUM
一整天,all day long,一整天,NOUN
一无所知,know nothing,一无所知,VERB
一晚,one night,一晚,NUM
一本,one book,一本,NUM
一条,one (long),一条,NUM
一杯,one cup,一杯,NUM
一枪,one shot,一枪,NUM
一架,one (machine),一架,NUM
一根,one stick,一根,NUM
一模一样,exactly the same,一模一样,ADJ
一次,once,一次,NUM
一步,one step,一步,NUM
一流,first-class,一流,ADJ
一目了然,obvious at a glance,一目了然,ADJ
一贯,consistent,一贯,ADJ
一道,together,一道,ADV
万分,very much,万分,ADV
万岁,long live,万岁,INTJ
三明治,sandwich,三明治,NOUN
三角,triangle,三角,NOUN
上任,to take office,上任,VERB
上升,to rise,上升,VERB
上去,to go up,上去,VERB
上司,boss,上司,NOUN
上周,last week,上周,NOUN
上场,to go on stage,上场,VERB
上天,heaven,上天,NOUN
上学,to go to school,上学,VERB
上尉,lieutenant,上尉,NOUN
上帝,God,上帝,NOUN
上床,to go to bed,上床,VERB
上来,to come up,上来,VERB
上校,colonel,上校,NOUN
上楼,to go upstairs,上楼,VERB
上次,last time,上次,NOUN
上游,upper reaches,上游,NOUN
上瘾,to be addicted,上瘾,VERB
上级,superior,上级,NOUN
上课,to attend class,上课,VERB
上路,to set out,上路,VERB
上车,to get on a vehicle,上车,VERB
上进心,ambition,上进心,NOUN
上面,above,上面,NOUN
下令,to order,下令,VERB
下来,to come down,下来,VERB
下去,go down,下去,VERB
下周,next week,下周,NOUN
下场,end up,下场,VERB
下属,subordinate,下属,NOUN
下手,to start,下手,VERB
下次,next time,下次,NOUN
下班,get off work,下班,VERB
下车,get off car,下车,VERB
下降,to descend,下降,VERB
下面,below,下面,NOUN
不久,soon,不久,ADV
不了,cannot,不了,AUX
不仅仅,not only,不仅仅,ADV
不介意,don't mind,不介意,VERB
不会,will not,不会,AUX
不住,cannot stay,不住,PART
不信,don't believe,不信,VERB
不停,non-stop,不停,ADJ
不像,unlike,不像,VERB
不像话,unreasonable,不像话,ADJ
不关,not about,不关,VERB
不再,no longer,不再,ADV
不准,not allowed,不准,ADJ
不到,cannot reach,不到,VERB
不去,not go,不去,VERB
不可,cannot,不可,AUX
不可思议,inconceivable (idiom); unimaginable,不可思议,ADJ
不吃,don't eat,不吃,VERB
不同,different,不同,ADJ
不在乎,don't care,不在乎,VERB
不堪,cannot bear,不堪,VERB
不够,not enough,不够,ADJ
不太,not very,不太,ADV
不太好,not very good,不太好,ADJ
不好,not good,不好,ADJ
不妙,ominous,不妙,ADJ
不妨,might as well,不妨,ADV
不对劲,abnormal,不对劲,ADJ
不少,quite a few,不少,ADJ
不屑一顾,to disdain as beneath contempt,不屑一顾,VERB
不幸,unfortunate,不幸,ADJ
不得,must not,不得,AUX
不得已,to have no choice,不得已,ADJ
不怎么,not very,不怎么,ADV
不怕,not afraid,不怕,VERB
不惜,not stint,不惜,VERB
不想,do not want,不想,VERB
不愧,to be worthy of,不愧,ADV
不愿,unwilling,不愿,VERB
不成,won't do,不成,VERB
不择手段,by fair means or foul,不择手段,ADV
不敢,dare not,不敢,VERB
不敢当,I don't deserve your praise,不敢当,INTJ
不敢相信,can't believe,不敢相信,VERB
不料,unexpectedly,不料,ADV
不时,from time to time,不时,ADV
不明,unclear,不明,ADJ
不是,is not,不是,VERB
不是故意,not intentional,不是故意,ADJ
不来,not come,不来,VERB
不止,more than,不止,ADV
不爽,unhappy,不爽,ADJ
不用,no need,不用,AUX
不由得,can't help,不由得,ADV
不相上下,equally matched,不相上下,ADJ
不知,do not know,不知,VERB
不禁,can't help (doing sth),不禁,ADV
不算,not count,不算,VERB
不管怎样,anyway,不管怎样,ADV
不肯,refuse,不肯,VERB
不能,cannot,不能,AUX
不行,won't do,不行,ADJ
不要,do not,不要,AUX
不见,not seen,不见,VERB
不言而喻,it goes without saying,不言而喻,VERB
不让,don't let,不让,VERB
不许,not allow,不许,AUX
不论,no matter,不论,CCONJ
不该,should not,不该,AUX
不说,not say,不说,VERB
不起,cannot afford,不起,VERB
不远,not far,不远,ADJ
不通,doesn't work,不通,ADJ
不错,not bad,不错,ADJ
不顾,in spite of,不顾,VERB
与日俱增,to increase steadily,与日俱增,VERB
丑恶,ugly,丑恶,ADJ
专利,patent,专利,NOUN
专科,specialized subject,专科,NOUN
专程,special-purpose trip,专程,ADV
专长,specialty,专长,NOUN
专题,special topic,专题,NOUN
且,and,且,CCONJ
世上,in the world,世上,NOUN
世代,generation,世代,NOUN
世界观,worldview,世界观,NOUN
丘陵,hills,丘陵,NOUN
丛,cluster,丛,NOUN
丛林,jungle,丛林,NOUN
东张西望,to look in all directions (idiom),东张西望,VERB
东道主,host,东道主,NOUN
丝,silk,丝,NOUN
丢三落四,forgetful,丢三落四,ADJ
丢下,leave behind,丢下,VERB
丢人,shameful,丢人,ADJ
丢掉,discard,丢掉,VERB
丢脸,lose face,丢脸,VERB
两个,two,两个,NUM
两人,two people,两人,NUM
两位,two (polite),两位,NUM
两分钟,two minutes,两分钟,NUM
两只,two (animals),两只,NUM
两名,two (people),两名,NUM
两周,two weeks,两周,NUM
两天,two days,两天,NUM
两年,two years,两年,NUM
两次,twice,两次,ADV
两种,two kinds,两种,NUM
严厉,severe,严厉,ADJ
严密,tight,严密,ADJ
严寒,bitter cold,严寒,NOUN
严峻,grim,严峻,ADJ
严禁,strictly prohibit,严禁,VERB
丧失,to lose,丧失,VERB
个体,individual,个体,NOUN
中,middle,中,NOUN
中士,sergeant,中士,NOUN
中央,central,中央,ADJ
中尉,lieutenant,中尉,NOUN
中断,to cut short,中断,VERB
中立,neutral,中立,ADJ
丰收,bumper harvest,丰收,NOUN
丰满,ample,丰满,ADJ
丰盛,sumptuous,丰盛,ADJ
串,to string together,串,VERB
临,to face,临,VERB
临床,clinical,临床,ADJ
丸,pill,丸,NOUN
为何,why,为何,ADV
为啥,why,为啥,ADV
为期,to last (a period of time),为期,VERB
为止,up to,为止,ADP
为此,for this,为此,ADP
为难,to feel embarrassed or awkward,为难,ADJ
为首,headed by,为首,VERB
主,lord,主,NOUN
主任,director,主任,NOUN
主办,to organize,主办,VERB
主导,to lead,主导,VERB
主教,bishop,主教,NOUN
主权,sovereignty,主权,NOUN
主流,mainstream,主流,NOUN
主演,lead actor,主演,NOUN
主管,manager,主管,NOUN
主角,protagonist,主角,NOUN
主题,theme,主题,NOUN
举世瞩目,to receive worldwide attention,举世瞩目,VERB
举世闻名,world famous,举世闻名,ADJ
举动,act,举动,NOUN
举起,to raise,举起,VERB
举足轻重,to hold the balance of power,举足轻重,ADJ
乃,to be,乃,VERB
久等,to wait long,久等,VERB
么,particle,么,PART
之一,one of,之一,NOUN
之上,above,之上,ADP
之下,below,之下,ADP
之中,among,之中,ADP
之内,within,之内,ADP
之前,before,之前,ADP
之后,after,之后,ADP
之地,place of,之地,NOUN
之外,besides,之外,ADP
之所以,the reason why,之所以,SCONJ
之类,and so on,之类,NOUN
之间,between,之间,ADP
乌黑,jet-black,乌黑,ADJ
乐意,willing,乐意,ADJ
乐谱,musical score,乐谱,NOUN
乐趣,delight,乐趣,NOUN
乐队,band,乐队,NOUN
乘务员,attendant,乘务员,NOUN
乘客,passenger,乘客,NOUN
乞丐,beggar,乞丐,NOUN
也好,also good,也好,ADJ
也就是说,that is to say,也就是说,SCONJ
习俗,custom,习俗,NOUN
乡村,countryside,乡村,NOUN
乡镇,township,乡镇,NOUN
书法,calligraphy,书法,NOUN
书籍,books,书籍,NOUN
书记,secretary,书记,NOUN
书面,in writing,书面,NOUN
买下,buy,买下,VERB
买卖,business; trade,买卖,NOUN
乱来,to act wildly; to act recklessly,乱来,VERB
予以,to give; to grant,予以,VERB
争先恐后,striving to be first and fearing to be last,争先恐后,VERB
争夺,to fight over; to vie for,争夺,VERB
争气,to work hard for sth; to strive for success,争气,VERB
争端,dispute,争端,NOUN
争议,controversy,争议,NOUN
事,matter,事,NOUN
事业,undertaking,事业,NOUN
事件,event,事件,NOUN
事儿,thing,事儿,NOUN
事务,affair,事务,NOUN
事实上,in fact,事实上,ADV
事态,situation,事态,NOUN
事故,accident,事故,NOUN
事迹,deed,事迹,NOUN
事项,matter,事项,NOUN
二十,twenty,二十,NUM
二号,number two,二号,NOUN
二氧化碳,carbon dioxide,二氧化碳,NOUN
于,in,于,ADP
亏待,to treat sb unfairly,亏待,VERB
亏损,deficit,亏损,NOUN
互联网,the Internet,互联网,NOUN
井,a well,井,NOUN
亚军,second place (in a sports contest),亚军,NOUN
交代,to hand over,交代,VERB
交叉,to cross,交叉,VERB
交往,to associate,交往,VERB
交易,transaction,交易,NOUN
交涉,to negotiate,交涉,VERB
交谈,to converse,交谈,VERB
亦,also,亦,ADV
产业,industry,产业,NOUN
亭子,pavilion,亭子,NOUN
亲,to kiss,亲,VERB
亲人,relative,亲人,NOUN
亲吻,to kiss,亲吻,VERB
亲密,intimate,亲密,ADJ
亲手,personally,亲手,ADV
亲热,affectionate,亲热,ADJ
亲身,in person,亲身,ADV
人为,artificial,人为,ADJ
人人,everyone,人人,NOUN
人们,people,人们,NOUN
人士,person,人士,NOUN
人家,other people,人家,NOUN
人工,artificial,人工,ADJ
人性,human nature,人性,NOUN
人手,personnel,人手,NOUN
人数,number of people,人数,NOUN
人格,personality,人格,NOUN
人民,people,人民,NOUN
人渣,scum,人渣,NOUN
人群,crowd,人群,NOUN
人质,hostage,人质,NOUN
人道,humanity,人道,NOUN
人间,the human world,人间,NOUN
什么样,what kind,什么样,PRON
仁慈,benevolent,仁慈,ADJ
仅,only,仅,ADV
仅仅,only,仅仅,ADV
仆人,servant,仆人,NOUN
仇恨,hatred,仇恨,NOUN
今后,from now on,今后,ADV
今年,this year,今年,NOUN
今日,today,今日,NOUN
今晚,tonight,今晚,NOUN
介意,to mind,介意,VERB
仍,still,仍,ADV
仍旧,still,仍旧,ADV
从不,never,从不,ADV
从容不迫,calm,从容不迫,ADJ
从小,from childhood,从小,ADV
从未,never,从未,ADV
仓促,hasty,仓促,ADJ
仓库,warehouse,仓库,NOUN
他人,others,他人,NOUN
他们,they,他们,PRON
他杀,homicide,他杀,NOUN
付,to pay,付,VERB
付出,to pay,付出,VERB
代价,price,代价,NOUN
代理,to act on behalf of sb in a responsible position,代理,VERB
代码,code,代码,NOUN
令,to make,令,VERB
以上,above,以上,ADP
以下,below,以下,ADP
以便,so that,以便,SCONJ
以免,in order to avoid,以免,SCONJ
以外,besides,以外,ADP
以往,in the past,以往,NOUN
以至,down to,以至,SCONJ
以致,to such an extent as to,以致,SCONJ
仪器,instrument,仪器,NOUN
仪式,ceremony,仪式,NOUN
价钱,price,价钱,NOUN
任,to appoint,任,VERB
任何人,anyone,任何人,PRON
任命,to appoint and nominate,任命,VERB
任性,willful,任性,ADJ
任意,arbitrary,任意,ADV
伊,he/she,伊,PRON
休假,leave,休假,NOUN
休养,recuperate,休养,VERB
众所周知,as everyone knows,众所周知,ADJ
优先,priority,优先,NOUN
优异,exceptional,优异,ADJ
优胜劣汰,survival of the fittest,优胜劣汰,NOUN
优越,superior,优越,ADJ
伙,group,伙,NOUN
伙计,buddy,伙计,NOUN
会儿,while,会儿,NOUN
会晤,meet,会晤,VERB
会见,meet,会见,VERB
会长,chairman,会长,NOUN
会面,meeting,会面,NOUN
传,pass on,传,VERB
传单,leaflet,传单,NOUN
传奇,legend,传奇,NOUN
传授,impart,传授,VERB
传记,biography,传记,NOUN
传达,convey,传达,VERB
伤,hurt,伤,VERB
伤口,wound,伤口,NOUN
伤害,harm,伤害,VERB
伤脑筋,troublesome,伤脑筋,ADJ
伪,fake,伪,ADJ
伪造,forge,伪造,VERB
伯母,aunt,伯母,NOUN
伯爵,count,伯爵,NOUN
伴侣,companion,伴侣,NOUN
伴随,to accompany,伴随,VERB
伶俐,clever,伶俐,ADJ
伸出,to reach out,伸出,VERB
伺候,to serve,伺候,VERB
但,but,但,CCONJ
但愿,if only,但愿,VERB
位于,to be located at,位于,VERB
位子,seat,位子,NOUN
住口,shut up,住口,VERB
住宅,residence,住宅,NOUN
住手,stop,住手,VERB
体内,in the body,体内,NOUN
体系,system,体系,NOUN
体谅,to empathize,体谅,VERB
体面,dignity,体面,NOUN
何不,why not,何不,ADV
何时,when,何时,ADV
佛,Buddha,佛,NOUN
作,to do,作,VERB
作出,to make,作出,VERB
作家,writer,作家,NOUN
作废,to become invalid,作废,VERB
作弊,to practice fraud,作弊,VERB
作息,work and rest,作息,NOUN
作战,to fight,作战,VERB
作证,to testify,作证,VERB
作风,style,作风,NOUN
你们,you (plural),你们,PRON
佬,fellow,佬,NOUN
佳肴,delicacy,佳肴,NOUN
使命,mission,使命,NOUN
使得,to make,使得,VERB
例外,exception,例外,NOUN
例子,example,例子,NOUN
供不应求,supply does not meet demand,供不应求,ADJ
供给,to supply,供给,VERB
依托,to rely on,依托,VERB
依据,according to,依据,ADP
依旧,as before,依旧,ADV
依次,in order,依次,ADV
依赖,to depend on,依赖,VERB
依靠,to rely on,依靠,VERB
侦探,detective,侦探,NOUN
侧面,side,侧面,NOUN
侮辱,to insult,侮辱,VERB
侵犯,to infringe,侵犯,VERB
便于,to facilitate,便于,VERB
便利,convenient,便利,ADJ
便是,that is,便是,VERB
便条,note,便条,NOUN
係,to be,係,VERB
俄国人,Russian,俄国人,NOUN
俗话,common saying,俗话,NOUN
俘虏,captive,俘虏,NOUN
保住,to keep,保住,VERB
保佑,to bless,保佑,VERB
保养,to maintain,保养,VERB
保卫,to defend,保卫,VERB
保姆,nanny,保姆,NOUN
保守,conservative,保守,ADJ
保安,security guard,保安,NOUN
保密,to keep confidential,保密,VERB
保管,to take care of,保管,VERB
保重,to take care of oneself,保重,VERB
保险箱,safe,保险箱,NOUN
保障,to safeguard,保障,VERB
信仰,faith,信仰,NOUN
信念,conviction,信念,NOUN
信誉,reputation,信誉,NOUN
信赖,to trust,信赖,VERB
修复,to restore,修复,VERB
修女,nun,修女,NOUN
修建,to build,修建,VERB
修理,to repair,修理,VERB
倒下,to fall down,倒下,VERB
倒闭,to go bankrupt,倒闭,VERB
倘若,provided that,倘若,SCONJ
候选人,candidate,候选人,NOUN
借助,to draw support from,借助,VERB
借鉴,to draw on the experience of,借鉴,VERB
倡导,to advocate,倡导,VERB
倡议,to propose,倡议,VERB
债券,bond,债券,NOUN
值班,to be on duty,值班,VERB
倾向,tendency,倾向,NOUN
倾听,to listen attentively,倾听,VERB
倾斜,to incline,倾斜,VERB
假使,if,假使,SCONJ
假期,vacation,假期,NOUN
假设,to suppose,假设,VERB
偏偏,contrary to expectations,偏偏,ADV
偏僻,remote,偏僻,ADJ
偏差,deviation,偏差,NOUN
偏见,prejudice,偏见,NOUN
做东,to act as host,做东,VERB
做主,to make a decision,做主,VERB
做事,to work,做事,VERB
做梦,to dream,做梦,VERB
做法,practice,做法,NOUN
做饭,to cook,做饭,VERB
停,to stop,停,VERB
停泊,to anchor,停泊,VERB
停滞,to stagnate,停滞,VERB
停留,to stay,停留,VERB
停车,to park,停车,VERB
停车场,parking lot,停车场,NOUN
停顿,to halt,停顿,VERB
健全,robust,健全,ADJ
偶像,idol,偶像,NOUN
偷,to steal,偷,VERB
偷偷,secretly,偷偷,ADV
偷走,to steal away,偷走,VERB
偿还,to repay,偿还,VERB
储备,reserves,储备,NOUN
储存,stockpile,储存,NOUN
储蓄,to deposit money,储蓄,VERB
伤害,harm,伤害,NOUN
傻子,fool,傻子,NOUN
傻瓜,fool,傻瓜,NOUN
像是,seems like,像是,VERB
僵尸,zombie,僵尸,NOUN
僵硬,stiff,僵硬,ADJ
元宵节,Lantern Festival,元宵节,NOUN
元素,element,元素,NOUN
元首,head of state,元首,NOUN
充实,rich,充实,ADJ
充当,to serve as,充当,VERB
充沛,abundant,充沛,ADJ
充足,adequate,充足,ADJ
先前,before,先前,ADV
先进,advanced (technology),先进,ADJ
光彩,luster,光彩,NOUN
光芒,rays of light,光芒,NOUN
光辉,radiance,光辉,NOUN
克拉,carat,克拉,NOUN
免得,so as not to,免得,SCONJ
免疫,immunity,免疫,NOUN
兑换,to exchange,兑换,VERB
兑现,to cash,兑现,VERB
党,party,党,NOUN
兜,pocket,兜,NOUN
兢兢业业,cautious and conscientious,兢兢业业,ADJ
入侵,to invade,入侵,VERB
全,all,全,ADJ
全世界,whole world,全世界,NOUN
全体,all,全体,NOUN
全力,full power,全力,NOUN
全力以赴,to do one's utmost,全力以赴,VERB
全国,nationwide,全国,NOUN
全家,whole family,全家,NOUN
全局,overall situation,全局,NOUN
全新,brand new,全新,ADJ
全球,global,全球,NOUN
全身,whole body,全身,NOUN
全都,all,全都,ADV
公众,public,公众,NOUN
公关,public relations,公关,NOUN
公务,official business,公务,NOUN
公告,announcement,公告,NOUN
公婆,husband's parents,公婆,NOUN
公安局,public security bureau,公安局,NOUN
公式,formula,公式,NOUN
公正,just,公正,ADJ
公民,citizen,公民,NOUN
公然,openly,公然,ADV
公爵,duke,公爵,NOUN
公认,generally accepted,公认,ADJ
公证,notarization,公证,NOUN
公路,highway,公路,NOUN
公道,fair,公道,ADJ
兰,orchid,兰,NOUN
共,altogether,共,ADV
共和国,republic,共和国,NOUN
共计,to total,共计,VERB
共鸣,resonance,共鸣,NOUN
关上,to close,关上,VERB
关掉,to turn off,关掉,VERB
关注,to pay attention to,关注,VERB
关照,to look after,关照,VERB
关门,to close the door,关门,VERB
兴旺,prosperous,兴旺,ADJ
兴致勃勃,in high spirits,兴致勃勃,ADJ
兴隆,prosperous,兴隆,ADJ
兴高采烈,in high spirits,兴高采烈,ADJ
兵,soldier,兵,NOUN
其,his/her/its,其,PRON
其它,other,其它,PRON
具有,to possess,具有,VERB
典型,typical,典型,ADJ
典礼,ceremony,典礼,NOUN
兹,here,兹,ADV
养,to raise,养,VERB
兼职,part-time job,兼职,NOUN
内在,intrinsic,内在,ADJ
内幕,inside story,内幕,NOUN
内心,inner heart,内心,NOUN
内涵,connotation,内涵,NOUN
内衣,underwear,内衣,NOUN
内裤,underpants,内裤,NOUN
内部,interior,内部,NOUN
再也,no longer,再也,ADV
再接再厉,to make persistent efforts,再接再厉,VERB
再有,furthermore,再有,ADV
再来,come again,再来,VERB
再次,once more,再次,ADV
再見,goodbye,再見,INTJ
再说,besides,再说,ADV
冒,to emit,冒,VERB
冒充,to pretend to be,冒充,VERB
冒犯,to offend,冒犯,VERB
写作,writing,写作,NOUN
军,army,军,NOUN
军人,soldier,军人,NOUN
军官,officer,军官,NOUN
军队,army,军队,NOUN
农历,lunar calendar,农历,NOUN
农场,farm,农场,NOUN
冤枉,to wrong someone,冤枉,VERB
冬天,winter,冬天,NOUN
冰,ice,冰,NOUN
冰淇淋,ice cream,冰淇淋,NOUN
冰雹,hail,冰雹,NOUN
冲击,to shock,冲击,VERB
冲动,impulse,冲动,NOUN
冲突,conflict,冲突,NOUN
决策,decision-making,决策,NOUN
况且,moreover,况且,ADV
冷却,to cool down,冷却,VERB
冷淡,indifferent,冷淡,ADJ
冷酷,callous,冷酷,ADJ
冻结,to freeze,冻结,VERB
凄凉,desolate,凄凉,ADJ
准则,norm,准则,NOUN
凌晨,early morning,凌晨,NOUN
凑合,to make do,凑合,VERB
凝固,to solidify,凝固,VERB
凝聚,to condense,凝聚,VERB
凝视,to gaze,凝视,VERB
凶恶,fierce,凶恶,ADJ
凶手,murderer,凶手,NOUN
凹凸,uneven,凹凸,ADJ
出事,to have an accident,出事,VERB
出于,out of,出于,ADP
出来,to come out,出来,VERB
出卖,to betray,出卖,VERB
出去,to go out,出去,VERB
出名,famous,出名,ADJ
出售,to sell,出售,VERB
出局,to be out,出局,VERB
出息,future prospects,出息,AUX
出手,to take action,出手,VERB
出洋相,to make a fool of oneself,出洋相,VERB
出神,to be entranced,出神,VERB
出路,way out,出路,NOUN
出身,family background,出身,NOUN
出门,to go out,出门,VERB
击中,to hit,击中,VERB
击败,to defeat,击败,VERB
分享,to share,分享,VERB
分子,molecule,分子,NOUN
分寸,propriety,分寸,NOUN
分开,to separate,分开,VERB
分手,to break up,分手,VERB
分散,to scatter,分散,VERB
分明,clearly demarcated,分明,ADJ
分歧,disagreement,分歧,NOUN
分泌,to secrete,分泌,VERB
分离,to separate,分离,VERB
分红,to receive a bonus,分红,VERB
分裂,to split,分裂,VERB
分解,to decompose,分解,VERB
分辨,to distinguish,分辨,VERB
分量,weight,分量,NOUN
切实,practical,切实,ADJ
切断,to cut off,切断,VERB
刊物,publication,刊物,NOUN
刊登,to publish,刊登,VERB
刑事,criminal,刑事,ADJ
划分,to divide,划分,VERB
列举,to list,列举,VERB
列车,train,列车,NOUN
刚,just now,刚,ADV
刚好,just right,刚好,ADV
创业,to start a business,创业,VERB
创作,to create,创作,VERB
创新,innovation,创新,NOUN
创立,to establish,创立,VERB
初,beginning,初,NOUN
初步,initial,初步,ADJ
判决,judgment,判决,NOUN
别人,others,别人,PRON
利,benefit,利,NOUN
利害,pros and cons,利害,NOUN
利率,interest rate,利率,NOUN
别墅,villa,别墅,NOUN
别扭,awkward,别扭,ADJ
别的,other,别的,PRON
别致,unique,别致,ADJ
别说,let alone,别说,ADV
到时候,when the time comes,到时候,ADV
到来,arrival,到来,NOUN
制服,to subdue,制服,VERB
制止,to curb,制止,VERB
制约,to restrict,制约,VERB
制裁,to punish,制裁,VERB
制订,to work out,制订,VERB
刹车,to brake,刹车,VERB
刹那,instant,刹那,NOUN
刺,thorn,刺,NOUN
刻不容缓,to brook no delay,刻不容缓,ADJ
削弱,to weaken,削弱,VERB
前,front,前,NOUN
前往,to head for,前往,VERB
前提,premise,前提,NOUN
前景,prospect,前景,NOUN
前来,to come forward,前来,VERB
前辈,senior,前辈,NOUN
前进,to advance,前进,VERB
剑,sword,剑,NOUN
剥削,to exploit,剥削,VERB
剧本,script for play,剧本,NOUN
剧烈,violent,剧烈,ADJ
剧院,theater,剧院,NOUN
剩下,to be left over,剩下,VERB
剪,to cut,剪,VERB
剪彩,to cut the ribbon,剪彩,VERB
副,deputy,副,ADJ
副作用,side effect,副作用,NOUN
割,to cut,割,VERB
劈,to hack,劈,VERB
力,power,力,NOUN
力争,to work hard for,力争,VERB
力图,to try hard to,力图,VERB
力所能及,within one's power,力所能及,ADJ
办,to handle,办,VERB
办不到,impossible,办不到,ADJ
办事,to handle affairs,办事,VERB
功劳,contribution,功劳,NOUN
功效,efficacy,功效,NOUN
功课,homework,功课,NOUN
加,to add,加,VERB
加上,plus,加上,VERB
加入,to join,加入,VERB
加剧,to intensify,加剧,VERB
加工,to process,加工,VERB
加油,to cheer on,加油,VERB
加速,to accelerate,加速,VERB
务实,pragmatic,务实,ADJ
务必,must,务必,ADV
动,to move,动,VERB
动力,power,动力,NOUN
动员,to mobilize,动员,VERB
动态,trend,动态,NOUN
动手,to start,动手,VERB
动机,motive,动机,NOUN
动脉,artery,动脉,NOUN
动荡,unrest,动荡,NOUN
动身,to set off,动身,VERB
动静,sound of activity,动静,NOUN
助手,assistant,助手,NOUN
助理,assistant,助理,NOUN
劲头,enthusiasm,劲头,NOUN
势力,power,势力,NOUN
势必,bound to,势必,ADV
勇于,to dare to,勇于,VERB
勇士,warrior,勇士,NOUN
勉励,to encourage,勉励,VERB
勉强,reluctantly,勉强,ADV
勒,to tighten,勒,VERB
勘探,to explore,勘探,VERB
勤俭,thrifty,勤俭,ADJ
勤恳,diligent,勤恳,ADJ
勾结,to collude,勾结,VERB
勿,do not,勿,PART
包围,to surround,包围,VERB
包庇,to shield,包庇,VERB
包袱,burden,包袱,NOUN
包装,to pack,包装,VERB
化妆,to put on makeup,化妆,VERB
化石,fossil,化石,NOUN
化肥,fertilizer,化肥,NOUN
化验,to test,化验,VERB
北极,the North Pole,北极,NOUN
匪徒,bandit,匪徒,NOUN
区,district,区,NOUN
区分,to distinguish,区分,VERB
区域,area,区域,NOUN
医疗,medical care,医疗,NOUN
十字架,cross,十字架,NOUN
十足,complete,十足,ADJ
千方百计,by all means,千方百计,ADV
午夜,midnight,午夜,NOUN
午餐,lunch,午餐,NOUN
午饭,lunch,午饭,NOUN
半夜,midnight,半夜,NOUN
半途而废,to give up halfway,半途而废,VERB
华丽,gorgeous,华丽,ADJ
华侨,overseas Chinese,华侨,NOUN
华文,Chinese language,华文,NOUN
协会,association,协会,NOUN
协助,to assist,协助,VERB
协商,to consult,协商,VERB
协议,agreement,协议,NOUN
卑鄙,despicable,卑鄙,ADJ
卓越,outstanding,卓越,ADJ
单,single,单,ADJ
单身,single,单身,ADJ
卖掉,to sell,卖掉,VERB
南方,south,南方,NOUN
南部,southern part,南部,NOUN
博大精深,broad and profound,博大精深,ADJ
博览会,exposition,博览会,NOUN
占,to occupy,占,VERB
占据,to occupy,占据,VERB
占有,to possess,占有,VERB
占领,to occupy,占领,VERB
卡,card,卡,NOUN
卡住,to be stuck,卡住,VERB
卡通,cartoon,卡通,NOUN
卧底,undercover agent,卧底,NOUN
卫星,satellite,卫星,NOUN
印刷,to print,印刷,VERB
危机,crisis,危机,NOUN
即,that is,即,ADV
即便,even if,即便,SCONJ
即将,soon,即将,ADV
却是,however,却是,ADV
历代,successive generations,历代,NOUN
历来,always,历来,ADV
压制,to suppress,压制,VERB
压岁钱,lucky money,压岁钱,NOUN
压抑,to repress,压抑,VERB
压榨,to squeeze,压榨,VERB
压缩,to compress,压缩,VERB
压迫,to oppress,压迫,VERB
厌倦,to be tired of,厌倦,VERB
厌恶,to loathe,厌恶,VERB
原先,former,原先,ADJ
原创,original,原创,ADJ
原告,plaintiff,原告,NOUN
原始,primitive,原始,ADJ
原本,originally,原本,ADV
原理,principle,原理,NOUN
厨师,chef,厨师,NOUN
参照,to consult a reference,参照,VERB
参议员,senator,参议员,NOUN
参谋,staff officer,参谋,NOUN
及,and,及,CCONJ
及早,at the earliest possible time,及早,ADV
双手,both hands,双手,NOUN
双眼,both eyes,双眼,NOUN
双胞胎,twin,双胞胎,NOUN
反,reverse,反,ADJ
反之,on the other hand,反之,ADV
反倒,but on the contrary,反倒,ADV
反动,reactionary,反动,ADJ
反射,to reflect,反射,VERB
反常,unusual,反常,ADJ
反思,to think back over sth,反思,VERB
反感,to be disgusted with,反感,VERB
反抗,to resist,反抗,VERB
反问,to ask rhetorically,反问,VERB
反面,reverse side,反面,NOUN
反馈,to provide feedback,反馈,VERB
反驳,to refute,反驳,VERB
发作,to have an attack,发作,VERB
发出,to send out,发出,VERB
发动,to launch,发动,VERB
发呆,to stare blankly,发呆,VERB
发型,hairstyle,发型,NOUN
发射,to launch,发射,VERB
发布,to release,发布,VERB
发扬,to carry forward,发扬,VERB
发火,to lose one's temper,发火,VERB
发炎,to become inflamed,发炎,VERB
发疯,to go crazy,发疯,VERB
发育,to develop,发育,VERB
发行,to issue,发行,VERB
发觉,to discover,发觉,VERB
发誓,to vow,发誓,VERB
发财,to get rich,发财,VERB
发送,to send,发送,VERB
取决于,to depend on,取决于,VERB
取得,to obtain,取得,VERB
取缔,to ban,取缔,VERB
受,to receive,受,VERB
受够了,to have had enough,受够了,VERB
受害人,victim,受害人,NOUN
受害者,victim,受害者,NOUN
受欢迎,popular,受欢迎,ADJ
受罪,to suffer,受罪,VERB
变,to change,变,VERB
变得,to become,变得,VERB
变态,abnormal,变态,ADJ
变成,to become,变成,VERB
变故,unexpected event,变故,NOUN
变质,to deteriorate,变质,VERB
变迁,change,变迁,NOUN
叛徒,traitor,叛徒,NOUN
口头,oral,口头,ADJ
口气,tone,口气,NOUN
口腔,oral cavity,口腔,NOUN
口袋,pocket,口袋,NOUN
口音,accent,口音,NOUN
古怪,eccentric,古怪,ADJ
古董,antique,古董,NOUN
另,other,另,ADJ
另一边,other side,另一边,NOUN
只不过,merely,只不过,ADV
只是,just,只是,ADV
只有,only,只有,ADV
叫做,be called,叫做,VERB
叫醒,wake up,叫醒,VERB
召唤,summon,召唤,VERB
叮嘱,urge,叮嘱,VERB
可,but,可,ADV
可不,indeed,可不,ADV
可不是,indeed,可不是,ADV
可卡因,cocaine,可卡因,NOUN
可口,delicious,可口,ADJ
可恶,detestable,可恶,ADJ
可悲,pathetic,可悲,ADJ
可疑,suspicious,可疑,ADJ
可笑,ridiculous,可笑,ADJ
可能性,possibility,可能性,NOUN
可行,feasible,可行,ADJ
可观,considerable,可观,ADJ
台风,typhoon,台风,NOUN
右,right,右,NOUN
号召,to call,号召,NOUN
司令,commanding officer,司令,NOUN
司法,judicial,司法,NOUN
叹气,to sigh,叹气,NOUN
叼,to hold in the mouth,叼,NOUN
吃力,to entail strenuous effort,吃力,NOUN
各位,everyone,各位,NOUN
各抒己见,everyone gives their own view,各抒己见,NOUN
合乎,to accord with,合乎,NOUN
合伙,to act jointly,合伙,NOUN
合伙人,partner,合伙人,NOUN
合并,to merge,合并,NOUN
合成,to compose,合成,NOUN
合算,worthwhile,合算,NOUN
合约,contract,合约,NOUN
合身,well-fitting (of clothes),合身,NOUN
吉他,guitar,吉他,NOUN
吉祥,lucky,吉祥,NOUN
同,same,同,NOUN
同一,same,同一,NOUN
同伴,companion,同伴,NOUN
同志,comrade,同志,NOUN
同性恋,homosexuality,同性恋,NOUN
同样,same,同样,ADJ
同胞,compatriot,同胞,NOUN
名,name,名,NOUN
名义,name,名义,NOUN
名副其实,worthy of the name,名副其实,ADJ
名单,list,名单,NOUN
名次,ranking,名次,NOUN
名誉,reputation,名誉,NOUN
名额,quota,名额,NOUN
后,after,后,ADP
后代,descendant,后代,NOUN
后勤,logistics,后勤,NOUN
后期,later stage,后期,NOUN
后退,retreat,后退,VERB
后顾之忧,worries about the rear,后顾之忧,NOUN
向导,guide,向导,NOUN
向往,yearn for,向往,VERB
向来,always,向来,ADV
吓人,scary,吓人,ADJ
君,gentleman,君,NOUN
吝啬,stingy,吝啬,ADJ
吞咽,swallow,吞咽,VERB
否决,veto,否决,VERB
吩咐,order,吩咐,VERB
含义,meaning,含义,NOUN
含糊,vague,含糊,ADJ
听到,to hear,听到,VERB
听懂,to understand by listening,听懂,VERB
听见,to hear,听见,VERB
听话,obedient,听话,ADJ
听说,to hear that,听说,VERB
启事,notice,启事,NOUN
启动,to start,启动,VERB
启示,enlightenment,启示,NOUN
启程,to set out on a journey,启程,VERB
吵醒,to wake up,吵醒,VERB
吸,to inhale,吸,VERB
吸取,to absorb,吸取,VERB
吸毒,to take drugs,吸毒,VERB
吸烟,to smoke,吸烟,VERB
吸血鬼,vampire,吸血鬼,NOUN
吹捧,to flatter,吹捧,VERB
吹牛,to brag,吹牛,VERB
吼,to roar,吼,VERB
呈现,to present,呈现,VERB
告知,to inform,告知,VERB
告诫,to warn,告诫,VERB
告辞,to take leave,告辞,VERB
呕吐,to vomit,呕吐,VERB
员工,employee,员工,NOUN
周,week,周,NOUN
周一,Monday,周一,NOUN
周五,Friday,周五,NOUN
周六,Saturday,周六,NOUN
周密,thorough,周密,ADJ
周年,anniversary,周年,NOUN
周折,complication,周折,NOUN
周日,Sunday,周日,NOUN
周期,cycle,周期,NOUN
周转,turnover,周转,NOUN
周边,surrounding area,周边,NOUN
味,taste,味,NOUN
呵,exhale,呵,VERB
呵呵,hehe,呵呵,INTJ
呻吟,moan,呻吟,VERB
呼,exhale,呼,VERB
呼叫,call,呼叫,VERB
呼吁,appeal,呼吁,VERB
呼啸,whistle,呼啸,VERB
命,life,命,NOUN
命名,name,命名,VERB
咀嚼,chew,咀嚼,VERB
咋,how,咋,ADV
和气,amiable,和气,ADJ
和睦,harmonious,和睦,ADJ
和蔼,amiable,和蔼,ADJ
和解,reconcile,和解,VERB
和谐,harmonious,和谐,ADJ
咒语,spell,咒语,NOUN
咦,huh,咦,INTJ
咧,grin,咧,VERB
咬牙切齿,gnash one's teeth,咬牙切齿,VERB
咯,particle,咯,PART
咱,we,咱,PRON
咱俩,we two,咱俩,PRON
品尝,taste,品尝,VERB
品德,moral character,品德,NOUN
品行,conduct,品行,NOUN
品质,quality,品质,NOUN
哄,to roar with laughter,哄,VERB
哆嗦,to tremble,哆嗦,VERB
哇,wa (modal particle replacing 啊 after 'u' or 'ao'),哇,PART
哈哈,haha,哈哈,INTJ
哈啰,hello,哈啰,INTJ
哈罗,hello,哈罗,INTJ
响亮,loud and clear,响亮,ADJ
响应,to respond to,响应,VERB
哎,ah,哎,INTJ
哎呀,oh my,哎呀,INTJ
哎哟,ouch,哎哟,INTJ
哟,yo,哟,PART
哥,older brother,哥,NOUN
哥们,buddies,哥们,NOUN
哦,oh,哦,INTJ
哨,whistle,哨,NOUN
哪个,which one,哪个,PRON
哪些,which ones,哪些,PRON
哪位,who (polite),哪位,PRON
哪有,how could there be,哪有,PRON
哪来,where from,哪来,PRON
哪里,where,哪里,PRON
哭泣,to weep,哭泣,VERB
哺乳,to breastfeed,哺乳,VERB
哼,to hum,哼,VERB
唔,hmm,唔,INTJ
唠叨,to nag,唠叨,VERB
唯独,only,唯独,ADV
唱,to sing,唱,VERB
唱片,record,唱片,NOUN
唾沫,spittle,唾沫,NOUN
啃,to gnaw,啃,VERB
商人,merchant,商人,NOUN
商标,trademark,商标,NOUN
啊哈,aha,啊哈,INTJ
啥,what,啥,PRON
啰唆,long-winded,啰唆,ADJ
喇叭,horn,喇叭,NOUN
喉咙,throat,喉咙,NOUN
喔,oh,喔,INTJ
喘气,to pant,喘气,VERB
喜悦,joy,喜悦,NOUN
喜闻乐见,well-received,喜闻乐见,ADJ
嗅觉,sense of smell,嗅觉,NOUN
嗑,to crack (seeds),嗑,VERB
嗨,hi,嗨,INTJ
嗯,um,嗯,INTJ
嘈杂,noisy,嘈杂,ADJ
嘘,shh,嘘,INTJ
嘲笑,to mock,嘲笑,VERB
嘴唇,lip,嘴唇,NOUN
嘴巴,mouth,嘴巴,NOUN
嘴里,in the mouth,嘴里,NOUN
嘿,hey,嘿,INTJ
嘿嘿,hehe,嘿嘿,INTJ
噢,oh,噢,INTJ
器,device,器,NOUN
器官,organ,器官,NOUN
器材,equipment,器材,NOUN
噩梦,nightmare,噩梦,NOUN
噪音,noise,噪音,NOUN
囚犯,prisoner,囚犯,NOUN
四处,everywhere,四处,ADV
四肢,four limbs,四肢,NOUN
回事,matter,回事,NOUN
回来,come back,回来,VERB
回到,return to,回到,VERB
回去,go back,回去,VERB
回复,reply,回复,VERB
回头,turn around,回头,VERB
回家,go home,回家,VERB
回应,respond,回应,VERB
回报,return,回报,VERB
回收,recycle,回收,VERB
回避,avoid,回避,VERB
回顾,review,回顾,VERB
因,because of,因,ADP
团体,group,团体,NOUN
团圆,reunite,团圆,VERB
团结,unite,团结,VERB
团队,team,团队,NOUN
园林,garden,园林,NOUN
困惑,confused,困惑,ADJ
困扰,to trouble,困扰,VERB
固执,stubborn,固执,ADJ
固有,inherent,固有,ADJ
固然,admittedly,固然,ADV
国,country,国,NOUN
国会,parliament,国会,NOUN
国王,king,国王,NOUN
国防,national defense,国防,NOUN
图,picture,图,NOUN
图案,pattern,图案,NOUN
图片,picture,图片,NOUN
圆满,satisfactory,圆满,ADJ
圈套,trap,圈套,NOUN
土壤,soil,土壤,NOUN
圣诞,Christmas,圣诞,NOUN
圣诞节,Christmas,圣诞节,NOUN
在乎,to care about,在乎,VERB
在于,to lie in,在于,VERB
在场,present,在场,ADJ
在意,to care about,在意,VERB
地下,underground,地下,NOUN
地下室,basement,地下室,NOUN
地势,terrain,地势,NOUN
地板,floor,地板,NOUN
地步,extent,地步,NOUN
地点,location,地点,NOUN
地狱,hell,地狱,NOUN
地盘,territory,地盘,NOUN
地质,geology,地质,NOUN
地面,ground,地面,NOUN
场合,occasion,场合,NOUN
场所,venue,场所,NOUN
场景,scene,场景,NOUN
场面,scene,场面,NOUN
坏事,bad thing,坏事,NOUN
坏人,bad person,坏人,NOUN
坏消息,bad news,坏消息,NOUN
坏蛋,bad guy,坏蛋,NOUN
坐下,sit down,坐下,VERB
坐牢,be in prison,坐牢,VERB
坑,pit,坑,NOUN
坚固,sturdy,坚固,ADJ
坚定,firm,坚定,ADJ
坚实,solid,坚实,ADJ
坚硬,hard,坚硬,ADJ
坚韧,tough,坚韧,ADJ
坟墓,tomb,坟墓,NOUN
坡,slope,坡,NOUN
坦克,tank,坦克,NOUN
坦白,frank,坦白,ADJ
垂直,perpendicular,垂直,ADJ
垃圾,trash,垃圾,NOUN
垄断,monopoly,垄断,NOUN
型,type,型,NOUN
垫,pad,垫,NOUN
埋,bury,埋,VERB
埋伏,to ambush,埋伏,VERB
埋怨,to complain,埋怨,VERB
埋没,to bury,埋没,VERB
埋葬,to bury,埋葬,VERB
城,city,城,NOUN
城堡,castle,城堡,NOUN
培育,to cultivate,培育,VERB
培训,to train,培训,VERB
基因,gene,基因,NOUN
基地,base,基地,NOUN
基本上,basically,基本上,ADV
基金,fund,基金,NOUN
堆积,to pile up,堆积,VERB
堕落,to degenerate,堕落,VERB
堤坝,dam,堤坝,NOUN
堵塞,to block,堵塞,VERB
塌,to collapse,塌,VERB
塑造,to shape,塑造,VERB
塞,to stuff,塞,VERB
境界,realm,境界,NOUN
墓地,cemetery,墓地,NOUN
增添,to add,增添,VERB
墨水,ink,墨水,NOUN
壮丽,magnificent,壮丽,ADJ
壮烈,heroic,壮烈,ADJ
壮观,spectacular,壮观,ADJ
声,sound,声,NOUN
声势,momentum,声势,NOUN
声明,statement,声明,NOUN
声称,to claim,声称,VERB
声誉,reputation,声誉,NOUN
处,place,处,NOUN
处于,to be in (a state),处于,VERB
处分,to discipline,处分,VERB
处境,plight,处境,NOUN
处女,virgin,处女,NOUN
处置,to handle,处置,VERB
备份,backup,备份,NOUN
备忘录,memorandum,备忘录,NOUN
复仇,to take revenge,复仇,VERB
复兴,to revive,复兴,VERB
复活,to resurrect,复活,VERB
夏令营,summer camp,夏令营,NOUN
夏天,summer,夏天,NOUN
夕阳,sunset,夕阳,NOUN
外向,extroverted,外向,ADJ
外套,coat,外套,NOUN
外婆,maternal grandmother,外婆,NOUN
外星人,alien,外星人,NOUN
外界,the outside world,外界,NOUN
外行,layman,外行,NOUN
外表,appearance,外表,NOUN
外面,outside,外面,NOUN
多久,how long,多久,PRON
多元化,diversification,多元化,NOUN
多次,many times,多次,ADV
多谢,thanks a lot,多谢,INTJ
夜晚,night,夜晚,NOUN
大不了,at worst,大不了,ADV
大事,major event,大事,NOUN
大人,adult,大人,NOUN
大伙,everyone,大伙,PRON
大伙儿,everyone,大伙儿,PRON
大体,generally,大体,ADV
大使,ambassador,大使,NOUN
大厅,hall,大厅,NOUN
大厦,building,大厦,NOUN
大叔,uncle,大叔,NOUN
大哥,elder brother,大哥,NOUN
大地,earth,大地,NOUN
大声,loud,大声,ADJ
大多,mostly,大多,ADV
大多数,majority,大多数,NOUN
大学,university,大学,NOUN
大小,size,大小,NOUN
大师,master,大师,NOUN
大意,careless,大意,ADJ
大楼,building,大楼,NOUN
大海,sea,大海,NOUN
大肆,wantonly,大肆,ADV
大胆,bold,大胆,ADJ
大脑,brain,大脑,NOUN
大臣,minister,大臣,NOUN
大致,roughly,大致,ADV
大街,main street,大街,NOUN
大道,avenue,大道,NOUN
大部分,most,大部分,NOUN
大量,large amount,大量,NOUN
大门,gate,大门,NOUN
大陆,mainland,大陆,NOUN
大麻,cannabis,大麻,NOUN
天,day,天,NOUN
天上,in the sky,天上,NOUN
天下,the world,天下,NOUN
天伦之乐,family happiness,天伦之乐,NOUN
天使,angel,天使,NOUN
天呐,oh my god,天呐,INTJ
天堂,heaven,天堂,NOUN
天天,every day,天天,ADV
天才,genius,天才,NOUN
天文,astronomy,天文,NOUN
天然气,natural gas,天然气,NOUN
天生,innate,天生,ADJ
天赋,talent,天赋,NOUN
太空,outer space,太空,NOUN
夫人,madam,夫人,NOUN
夫妇,a (married) couple,夫妇,NOUN
夫妻,couple,夫妻,NOUN
失控,out of control,失控,VERB
失误,mistake,失误,NOUN
失踪,to be missing,失踪,VERB
失陪,excuse me,失陪,VERB
头,head,头,NOUN
头儿,boss,头儿,NOUN
头脑,mind,头脑,NOUN
头部,head,头部,NOUN
夸张,exaggerate,夸张,VERB
夹杂,to mix together (disparate substances),夹杂,VERB
夺走,to take away,夺走,VERB
奇,strange,奇,ADJ
奇妙,fantastic,奇妙,ADJ
奉献,to dedicate,奉献,VERB
奔,to run,奔,VERB
奔波,to rush about,奔波,VERB
奔驰,to run quickly,奔驰,VERB
奖励,to reward,奖励,VERB
奖赏,reward,奖赏,NOUN
奠定,to establish,奠定,VERB
奢侈,luxurious,奢侈,ADJ
奥秘,secret,奥秘,NOUN
女友,girlfriend,女友,NOUN
女子,woman,女子,NOUN
女孩,girl,女孩,NOUN
女巫,witch,女巫,NOUN
女性,female,女性,NOUN
女王,queen,女王,NOUN
女生,girl,女生,NOUN
女神,goddess,女神,NOUN
奴隶,slave,奴隶,NOUN
奶油,cream,奶油,NOUN
奶酪,cheese,奶酪,NOUN
她们,they (female),她们,PRON
好久,long time,好久,ADV
好事,good thing,好事,NOUN
好些,quite a few,好些,ADJ
好听,pleasant to listen to,好听,ADJ
好多,many,好多,ADJ
好好,properly,好好,ADV
好客,hospitable,好客,ADJ
好玩,fun,好玩,ADJ
好看,good-looking,好看,ADJ
好笑,funny,好笑,ADJ
好运,good luck,好运,NOUN
如,as,如,ADP
