Chinese_Lemma,English_Translation,POS
如同,as,NOUN
如此,thus,NOUN
妄想,to attempt vainly,NOUN
妈,mom,NOUN
妈咪,mommy,NOUN
妓,prostitute,NOUN
妓女,prostitute,NOUN
妞,girl,NOUN
妥协,to compromise,NOUN
妥善,appropriate,NOUN
妥当,appropriate,NOUN
妮,Ni,NOUN
妳,you (female),NOUN
姆,Mu,NOUN
姐,sister,NOUN
姐妹,sisters,NOUN
姑且,temporarily,NOUN
姓名,name,NOUN
委员,committee member,NOUN
委员会,committee,NOUN
姿态,attitude,NOUN
威信,prestige,NOUN
威利,Willie,NOUN
威力,might,NOUN
威士忌,whiskey,NOUN
威尔,Will,NOUN
威廉,William,NOUN
威望,prestige,NOUN
威风,might,NOUN
娃娃,baby,NOUN
娇气,delicate,NOUN
娘,girl,NOUN
娜,name,NOUN
婆婆,mother-in-law,NOUN
婊子,bitch,NOUN
婴儿,infant,NOUN
媒介,media,NOUN
媒体,media,NOUN
媳妇,daughter-in-law,NOUN
媽,mom,NOUN
媽媽,mom,NOUN
嫁给,to marry,NOUN
嫂子,(informal) older brother's wife,NOUN
嫉妒,to be jealous,NOUN
嫌,to dislike,NOUN
嫌犯,suspect,NOUN
嫌疑,suspicion,NOUN
嫌疑人,suspect,NOUN
子,child,NOUN
子弹,bullet,NOUN
孔,hole,NOUN
孕育,to be pregnant,NOUN
字幕组,subtitle team,NOUN
字母,letter (of the alphabet),NOUN
季,season,NOUN
季军,third in a race,NOUN
季度,quarter of a year,NOUN
孤独,lonely,NOUN
孤立,isolate,NOUN
学,to learn,NOUN
学会,to learn,NOUN
学位,academic degree,NOUN
学到,to learn,NOUN
学历,educational background,NOUN
学说,theory,NOUN
学院,academy,NOUN
學校,school,NOUN
宁愿,would rather,NOUN
宁肯,would rather...,NOUN
它们,they (things),NOUN
它会,it will,NOUN
它們,they,NOUN
守,to guard,NOUN
守卫,guard,NOUN
守护,to guard,NOUN
安,peace,NOUN
安东尼,Anthony,NOUN
安全带,seat belt,NOUN
安妮,Annie,NOUN
安娜,Anna,NOUN
安宁,peaceful,NOUN
安居乐业,live in peace and work happily (idiom),NOUN
安德鲁,Andrew,NOUN
安心,at ease,NOUN
安置,to find a place for,NOUN
安详,serene,NOUN
安迪,Andy,NOUN
宋体,Song font,NOUN
完备,faultless,NOUN
完毕,to finish,NOUN
完蛋,finished,NOUN
宏伟,grand,NOUN
宏观,macro-,NOUN
宗旨,objective,NOUN
官员,official,NOUN
官方,official,NOUN
定,to set,NOUN
定义,definition,NOUN
定位,locate,NOUN
定期,regularly,NOUN
宝宝,baby,NOUN
宝贝儿,baby,NOUN
实事求是,to seek truth from facts (idiom),NOUN
实力,strength,NOUN
实惠,tangible benefit,NOUN
实施,to implement,NOUN
实质,substance,NOUN
实际上,actually,NOUN
实验室,laboratory,NOUN
审判,a trial,NOUN
审查,to examine,NOUN
审理,to hear (a case),NOUN
审美,esthetics,NOUN
客户,client,NOUN
客气,polite,NOUN
宣扬,to proclaim,NOUN
宣誓,to swear an oath (of office),NOUN
室,room,NOUN
室友,roommate,NOUN
宪法,constitution (of a country),NOUN
宫殿,palace,NOUN
宰,to slaughter livestock,NOUN
害,to harm,NOUN
害死,to cause death,NOUN
家人,family,NOUN
家伙,household dish,NOUN
家喻户晓,understood by everyone (idiom); well known,NOUN
家园,homeland,NOUN
家属,family member,NOUN
家常,the daily life of a family,NOUN
家族,clan,NOUN
家里,at home,NOUN
家长,parent,NOUN
容器,receptacle,NOUN
容忍,to put up with,NOUN
容纳,to hold,NOUN
容貌,one's appearance,NOUN
宽恕,forgive,NOUN
宽敞,spacious,NOUN
寂静,quiet,NOUN
寄托,to have sb look after sb,NOUN
密封,to seal up,NOUN
密度,density,NOUN
富有,rich,NOUN
富裕,prosperous,NOUN
寒暄,exchanging conventional greetings,NOUN
寓言,fable,NOUN
寫,to write,NOUN
寶貝,baby,NOUN
对付,to handle,NOUN
对应,to correspond,NOUN
对抗,to withstand,NOUN
对此,about this,NOUN
对照,to contrast,NOUN
对称,symmetry,NOUN
对立,to oppose,NOUN
对策,countermeasure for dealing with a situation,NOUN
对联,rhyming couplet,NOUN
寻常,ordinary,NOUN
寻求,to seek,NOUN
寻觅,to look for,NOUN
导向,to be oriented towards,NOUN
导师,tutor,NOUN
导弹,guided missile,NOUN
导航,navigation,NOUN
封,to seal,NOUN
封信,seal letter,NOUN
封建,system of enfeoffment,NOUN
封锁,to blockade,NOUN
封闭,to seal,NOUN
射,to shoot,NOUN
将,to bring/about to,NOUN
将会,will,NOUN
将军,general (military),NOUN
将要,will,NOUN
将近,almost,NOUN
尊严,dignity,NOUN
對,correct,NOUN
小丑,clown,NOUN
小事,small matter,NOUN
小人,villain,NOUN
小女孩,little girl,NOUN
小妞,chick,NOUN
小姑娘,little girl,NOUN
小子,kid,NOUN
小孩,child,NOUN
小孩子,child,NOUN
小家伙,little guy,NOUN
小小,small,NOUN
小小的,tiny,NOUN
小屋,cabin,NOUN
小岛,small island,NOUN
小心翼翼,cautious and solemn (idiom); very carefully,NOUN
小时候,childhood,NOUN
小時,hour,NOUN
小朋友,child,NOUN
小狗,puppy,NOUN
小男孩,little boy,NOUN
小组,group,NOUN
小镇,small town,NOUN
小队,squad,NOUN
小鬼,little devil,NOUN
小鸟,little bird,NOUN
少女,girl,NOUN
少年,teenager,NOUN
少来,come on,NOUN
少校,major,NOUN
尔,you,NOUN
尖叫,to scream,NOUN
尖端,sharp pointed end,NOUN
尝尝,taste,NOUN
尝试,to try,NOUN
就业,looking for employment,NOUN
就位,in position,NOUN
就够,just enough,NOUN
就是,exactly,NOUN
就是说,that is,NOUN
就算,even if,NOUN
就职,to take office,NOUN
就行,that's enough,NOUN
就行了,that's enough,NOUN
就要,about to,NOUN
就让,just let,NOUN
就近,nearby,NOUN
尴尬,awkward,NOUN
尸体,dead body,NOUN
尺,ruler,NOUN
尼,Ni,NOUN
尼克,Nick,NOUN
尼尔,Neil,NOUN
尼斯,Nice,NOUN
尽,to exhaust,NOUN
尽可能,as much as possible,NOUN
尽头,the end,NOUN
尽快,as quickly as possible,NOUN
尽情,to one's heart,NOUN
尿,urine,NOUN
局,bureau,NOUN
局势,situation,NOUN
局部,part,NOUN
局长,director,NOUN
局限,to limit,NOUN
局面,aspect,NOUN
屁,fart,NOUN
屁股,buttocks,NOUN
层出不穷,more and more emerge,NOUN
层次,arrangement of ideas,NOUN
居住,to reside,NOUN
居民,resident,NOUN
屈服,to surrender,NOUN
屋,house,NOUN
屋子里,in the house,NOUN
屋里,in the room,NOUN
屋顶,roof,NOUN
屎,shit,NOUN
屏障,protective screen,NOUN
屑,bits,NOUN
展望,outlook,NOUN
展现,to come out,NOUN
展示,to reveal,NOUN
屠杀,massacre,NOUN
屡次,repeatedly,NOUN
履行,to fulfill (one's obligations),NOUN
山,mountain,NOUN
山上,on the mountain,NOUN
山姆,Sam,NOUN
山脉,mountain range,NOUN
岁月,years,NOUN
岂有此理,how can this be so? (idiom); preposterous,NOUN
岆,rare character,NOUN
岔,fork in road,NOUN
岗位,a post,NOUN
岛上,on the island,NOUN
岛屿,island,NOUN
岩石,rock,NOUN
岳父,wife's father,NOUN
岿,rare character,NOUN
峡谷,canyon,NOUN
崇拜,to worship,NOUN
崇敬,to revere,NOUN
崇高,majestic,NOUN
崩溃,to collapse,NOUN
崭新,brand new,NOUN
川流不息,the stream flows without stopping (idiom); unending flow,NOUN
州,prefecture,NOUN
州长,governor,NOUN
巡逻,to patrol (police,NOUN
工作室,studio,NOUN
工夫,time,NOUN
工程,engineering,NOUN
工艺品,handicraft article,NOUN
左,left,NOUN
左右,left and right,NOUN
巧合,coincidence,NOUN
巨人,giant,NOUN
巩固,to consolidate,NOUN
差劲,lousy,NOUN
差点,almost,NOUN
差距,disparity,NOUN
已,already,NOUN
已經,already,NOUN
巴,Ba,NOUN
巴不得,to be eager for,NOUN
巴克,Buck,NOUN
巴士,bus,NOUN
巴结,to fawn on,NOUN
巴西,Brazil,NOUN
巴黎,Paris,NOUN
巷,lane,NOUN
市,city,NOUN
市民,citizen,NOUN
市长,mayor,NOUN
布告,posting on a bulletin board,NOUN
布局,arrangement,NOUN
布拉德,Brad,NOUN
布朗,Brown,NOUN
布置,to put in order,NOUN
布莱恩,Brian,NOUN
布鲁斯,Bruce,NOUN
帅哥,handsome guy,NOUN
师,teacher,NOUN
师父,master,NOUN
师范,teacher-training,NOUN
希尔,Hill,NOUN
希特勒,Hitler,NOUN
帐篷,tent,NOUN
帕,Pa,NOUN
帝,emperor,NOUN
帝国,empire,NOUN
带上,bring along,NOUN
带你去,take you to,NOUN
带到,bring to,NOUN
带回,bring back,NOUN
带子,belt,NOUN
带我去,take me to,NOUN
带来,to bring,NOUN
带给,bring to,NOUN
带走,take away,NOUN
带领,to guide,NOUN
帮,to help,NOUN
帮不了,can't help,NOUN
帮个,help,NOUN
帮帮,help,NOUN
帮帮我,help me,NOUN
帶,to bring,NOUN
常,often,NOUN
常务,routine,NOUN
常常,often,NOUN
常年,all year round,NOUN
幅度,width,NOUN
幢,classifier for buildings,NOUN
幫,to help,NOUN
幫助,to help,NOUN
幫忙,help,NOUN
干什么,what are you doing,NOUN
干劲,enthusiasm for doing sth,NOUN
干吗,what for,NOUN
干嘛,what for,NOUN
干得,do well,NOUN
干扰,to interfere,NOUN
干掉,to kill,NOUN
干旱,drought,NOUN
干活,to work,NOUN
干涉,to interfere,NOUN
干预,to meddle,NOUN
平凡,commonplace,NOUN
平原,field,NOUN
平坦,level,NOUN
平安,safe,NOUN
平民,civilian,NOUN
平行,parallel,NOUN
平面,plane (flat surface),NOUN
年前,years ago,NOUN
年度,year (e.g. school year,NOUN
年轻人,young person,NOUN
并,and,NOUN
并列,to stand side by side,NOUN
并存,to exist at the same time,NOUN
并非,really isn't,NOUN
幸会,nice to meet you,NOUN
幸好,fortunately,NOUN
幸存者,survivor,NOUN
幹,to do,NOUN
幹什麼,what,NOUN
幻觉,hallucination,NOUN
幼稚,young,NOUN
幽灵,ghost,NOUN
幾個,a few,NOUN
广阔,wide,NOUN
庄严,stately,NOUN
庄重,solemn / grave,NOUN
床,bed,NOUN
床上,on the bed,NOUN
床单,bed sheet,NOUN
序言,preface,NOUN
应,should,NOUN
应得,deserve,NOUN
应邀,at sb's invitation,NOUN
应酬,social niceties,NOUN
底下,underneath,NOUN
店,shop,NOUN
店里,in shop,NOUN
庞大,huge,NOUN
废墟,ruins,NOUN
废物,trash,NOUN
废除,to abolish,NOUN
度,degree,NOUN
度假,vacation,NOUN
座右铭,motto,NOUN
庸俗,filthy,NOUN
廉洁,honest,NOUN
延伸,to extend,NOUN
延期,to delay,NOUN
延续,to continue,NOUN
建,to build,NOUN
建造,to build,NOUN
开个,start a,NOUN
开会,hold a meeting,NOUN
开口,open mouth,NOUN
开启,open,NOUN
开展,(begin to) develop,NOUN
开拓,to break new ground (for agriculture),NOUN
开支,expenditures,NOUN
开明,enlightened,NOUN
开朗,spacious and well-lit,NOUN
开枪,to shoot,NOUN
开水,boiled water,NOUN
开火,open fire,NOUN
开着,keep open,NOUN
开车,to drive,NOUN
开辟,to open up,NOUN
开采,to extract (ore or other resource from a mine),NOUN
开门,open the door,NOUN
开阔,wide,NOUN
开除,to expel,NOUN
异常,exceptional,NOUN
弄清楚,figure out,NOUN
弄错,get wrong,NOUN
弊病,malady,NOUN
弊端,malpractice,NOUN
式,style,NOUN
引发,trigger,NOUN
引导,to guide,NOUN
引擎,engine (loanword),NOUN
引爆,detonate,NOUN
引用,to quote,NOUN
弗,Fu,NOUN
弗兰克,Frank,NOUN
弥漫,to permeate / fill the air,NOUN
弥补,to complement,NOUN
弦,bow string,NOUN
弧,arc,NOUN
弱点,weak point,NOUN
弹性,flexibility,NOUN
强,strong,NOUN
强制,to enforce,NOUN
强壮,strong,NOUN
强大,powerful,NOUN
强奸,rape,NOUN
强尼,Johnny,NOUN
强迫,to compel,NOUN
归,to return,NOUN
归根到底,(saying) to sum it up...,NOUN
归纳,to sum up,NOUN
归还,to return sth,NOUN
当中,among,NOUN
当事人,persons involved or implicated,NOUN
当作,treat as,NOUN
当初,at that time,NOUN
当前,current,NOUN
当务之急,top priority job,NOUN
当场,at the scene,NOUN
当年,that year,NOUN
当心,to take care,NOUN
当成,treat as,NOUN
当选,to be elected,NOUN
当面,to sb's face,NOUN
录像,video,NOUN
形态,shape,NOUN
彩票,lottery ticket,NOUN
影像,image,NOUN
影片,movie,NOUN
彼得,Peter,NOUN
往事,past events,NOUN
往前,forward,NOUN
往常,habitually (in the past),NOUN
征收,to levy (a fine),NOUN
征服,to conquer,NOUN
待,to stay,NOUN
待会儿,in a while,NOUN
很久,very long,NOUN
很久以前,long ago,NOUN
很久没,long time no,NOUN
很多,a lot,NOUN
很多年,many years,NOUN
很大,very big,NOUN
很小,very small,NOUN
很少,rarely,NOUN
很快,soon,NOUN
很棒,great,NOUN
很漂亮,very pretty,NOUN
很糟,very bad,NOUN
很酷,very cool,NOUN
很长,very long,NOUN
很难,very hard,NOUN
後,after,NOUN
徒弟,apprentice,NOUN
得不偿失,(saying) the gains do not make up for the losses,NOUN
得不到,cannot get,NOUN
得了吧,come on,NOUN
得出,to get,NOUN
得分,score,NOUN
得到,to get,NOUN
得力,able,NOUN
得天独厚,(of an area) rich in resources,NOUN
得知,to find out,NOUN
得罪,to commit an offense,NOUN
徘徊,to dither,NOUN
從,from,NOUN
復,to revive,NOUN
循序渐进,in sequence,NOUN
循环,to cycle,NOUN
微不足道,negligible,NOUN
微观,micro-,NOUN
微软,Microsoft,NOUN
德,virtue,NOUN
德国,Germany,NOUN
德国人,German,NOUN
德州,Texas,NOUN
心,heart,NOUN
心中,in heart,NOUN
心得,knowledge gained,NOUN
心态,attitude (of the heart),NOUN
心意,intention,NOUN
心灵,bright,NOUN
心疼,to love dearly,NOUN
心眼儿,one's thoughts,NOUN
心脏病,heart disease,NOUN
心血,heart's blood,NOUN
心跳,heartbeat,NOUN
心里,in heart,NOUN
必定,be bound to,NOUN
必須,must,NOUN
忌讳,taboo,NOUN
忍受,to bear,NOUN
忍耐,to show restraint,NOUN
志气,ambition,NOUN
忘,to forget,NOUN
忘掉,forget,NOUN
忙碌,busy,NOUN
忠实,faithful,NOUN
忠诚,devoted,NOUN
忧郁,sullen,NOUN
快到,arrive soon,NOUN
快去,go quickly,NOUN
快来,come quickly,NOUN
快樂,happy,NOUN
快死了,about to die,NOUN
快活,happy,NOUN
快点,hurry up,NOUN
快要,about to,NOUN
快速,fast,NOUN
快點,hurry,NOUN
忽略,to neglect,NOUN
怀孕,pregnant,NOUN
怎,how,NOUN
怎么办,what to do,NOUN
怎么回事,what's going on,NOUN
怎样,how,NOUN
怎樣,how,NOUN
怎能,how can,NOUN
怎麼,how,NOUN
怎麼樣,how about,NOUN
怕,to fear,VERB
思念,to think of,NOUN
思索,to think deeply,NOUN
思绪,train of thought,NOUN
思维,(line of) thought,NOUN
怠慢,to slight,NOUN
急,anxious,NOUN
急于求成,anxious for quick results (idiom); to demand instant success,NOUN
急切,eager,NOUN
急剧,rapid,NOUN
急功近利,seeking instant benefit (idiom); shortsighted vision,NOUN
急躁,impatient / irritable,NOUN
性,sex,NOUN
性交,intercourse,NOUN
性命,life,NOUN
性情,nature,NOUN
性感,sex appeal,NOUN
性爱,sex,NOUN
性能,function,NOUN
怪,strange,NOUN
怪人,weirdo,NOUN
怪兽,monster,NOUN
怪异,weird,NOUN
怪物,monster,NOUN
怪胎,freak,NOUN
总,always,NOUN
总会,always,NOUN
总和,sum,NOUN
总得,have to,NOUN
总有,always have,NOUN
总有一天,one day,NOUN
总监,director,NOUN
总而言之,in short,NOUN
总部,headquarters,NOUN
恍然大悟,to suddenly realize,NOUN
恐吓,to threaten,NOUN
恐怖分子,terrorist,NOUN
恐惧,fear,NOUN
恐慌,panic,NOUN
恨不得,wishing one could do sth,NOUN
恩,hmm,NOUN
恩怨,(feeling of) resentment,NOUN
恭喜,congratulations,NOUN
恭敬,deferential,NOUN
恰到好处,it's just perfect,NOUN
恰巧,fortunately,NOUN
恰当,appropriate,NOUN
恳切,earnest,NOUN
恶化,to worsen,NOUN
恶心,bad habit,NOUN
恶梦,nightmare,NOUN
恶魔,demon,NOUN
恼火,to get angry,NOUN
悔恨,remorse,NOUN
患者,patient,NOUN
您好,hello (polite),NOUN
悬崖峭壁,sheer cliffs and precipitous rock faces (idiom),NOUN
悬念,suspense in a movie,NOUN
悬挂,to suspend,NOUN
悲伤,sad,NOUN
悲剧,tragedy,NOUN
悲哀,grieved,NOUN
悲惨,miserable / tragic,NOUN
情,feeling,NOUN
情人,lover,NOUN
情形,circumstances,NOUN
情感,emotion,NOUN
情报,(spy) intelligence,NOUN
情況,situation,NOUN
情理,reason,NOUN
情节,plot,NOUN
惊人,amazing,NOUN
惊动,alarm,NOUN
惊喜,surprise,NOUN
惊奇,to be amazed,NOUN
惊讶,amazed,NOUN
惋惜,to feel sorry for a person over sth that should have happened,NOUN
惦记,to think of,NOUN
惨,miserable,NOUN
惩罚,penalty,NOUN
惯例,convention,NOUN
想不到,unexpectedly,NOUN
想像,to imagine,NOUN
想到,think of,NOUN
想干什么,what to do,NOUN
想想,to think,NOUN
想方设法,to think up every possible method (idiom); to devise ways and means,NOUN
想来,want to come,NOUN
想法,idea,NOUN
想着,thinking about,NOUN
想要,to want,NOUN
想见,want to see,NOUN
想起,to recall,NOUN
想过,have thought,NOUN
惹,to provoke,NOUN
惹祸,stirring up trouble,NOUN
愈,to heal,NOUN
意向,intention,NOUN
意味着,to signify,NOUN
意图,intent,NOUN
意大利,Italy,NOUN
意志,will,NOUN
意料,to anticipate,NOUN
意识,consciousness,NOUN
愚昧,ignorant,NOUN
愚蠢,silly,NOUN
愛,love,NOUN
感,feeling,NOUN
感兴趣,interested,NOUN
感到,to feel,NOUN
感慨,to sigh with sorrow,NOUN
感染,infection,NOUN
感覺,feeling,NOUN
感謝,thanks,NOUN
感谢上帝,thank God,NOUN
感谢您,thank you,NOUN
愣,to look distracted,NOUN
愿,to wish,NOUN
慈祥,kindly,NOUN
慌忙,in a great rush,NOUN
慎重,cautious,NOUN
慢性,slow and patient,NOUN
慢慢,slowly,NOUN
慢慢来,take it slow,NOUN
慢点,slow down,NOUN
慰,comfort,NOUN
慰问,to express sympathy,NOUN
慷慨,vehement,NOUN
憋,to choke,NOUN
懂吗,understand?,NOUN
懂得,to understand,NOUN
應該,should,NOUN
懒惰,idle,NOUN
懦夫,coward,NOUN
戏,play,NOUN
成,to become,NOUN
成交,to complete a contract,NOUN
成员,member,NOUN
成天,(coll.) all day long,NOUN
成心,intentional,NOUN
成效,effect,NOUN
成本,(manufacturing,NOUN
成為,to become,NOUN
我会,I will,NOUN
我來,I'll come,NOUN
我俩,we two,NOUN
我們,we,NOUN
我先,I first,NOUN
我刚,I just,NOUN
我妈,my mom,NOUN
我家,my home,NOUN
我怕,I'm afraid,NOUN
我想,I think,NOUN
我操,fuck,NOUN
我敢,I dare,NOUN
我會,I will,NOUN
我本,I originally,NOUN
我来,I'll come,NOUN
我查,I'll check,NOUN
我求,I beg,NOUN
我点,I point,NOUN
我爱你,I love you,NOUN
我爸,my dad,NOUN
我現,I now,NOUN
我用,I use,NOUN
我給,I give,NOUN
我能,I can,NOUN
我花,I spend,NOUN
我要,I want,NOUN
我覺,I feel,NOUN
我见,I see,NOUN
我试,I try,NOUN
我该,I should,NOUN
我读,I read,NOUN
我错,I'm wrong,NOUN
戒备,to take precautions,NOUN
或,or,PART
或是,or,NOUN
或許,perhaps,NOUN
或许,perhaps,NOUN
战场,battlefield,NOUN
战士,warrior,NOUN
战役,military campaign,NOUN
战斗,to fight,NOUN
战术,tactics,NOUN
战略,strategy,NOUN
战胜,defeat,NOUN
截至,up to (a time),NOUN
戰爭,war,NOUN
戴上,put on,NOUN
戴夫,Dave,NOUN
戴维,David,NOUN
房,room,NOUN
房子,house,NOUN
房租,rent,NOUN
房間,room,NOUN
所在,location,NOUN
所有人,everyone,NOUN
所知,known,NOUN
所说,what is said,NOUN
扁,flat,NOUN
扂,rare character,NOUN
手,hand,NOUN
手上,on hand,NOUN
手下,subordinate,NOUN
手中,in hand,NOUN
手势,gesture,NOUN
手枪,pistol,NOUN
手段,means,NOUN
手法,technique,NOUN
手臂,arm,NOUN
手艺,craftmanship,NOUN
手術,surgery,NOUN
手里,in hand,NOUN
才刚,just now,NOUN
才干,ability,NOUN
才能,ability,NOUN
才行,only then,NOUN
扎,to prick,NOUN
扎实,strong,NOUN
定理,theorem,NOUN
范畴,category,NOUN
机制,mechanism,NOUN
要素,element,NOUN
规范,norm,NOUN
方针,policy,NOUN
策略,strategy,NOUN
途径,channel/approach,NOUN
层面,level/dimension,NOUN
立场,stance,NOUN
理念,philosophy,NOUN
知觉,perception,NOUN
直觉,intuition,NOUN
梦想,dream,NOUN
欲望,desire,NOUN
渴望,longing,NOUN
绝望,despair,NOUN
细心,carefulness,NOUN
用心,attentiveness,NOUN
焦虑,anxiety,NOUN
胆怯,timidity,NOUN
怯懦,cowardice,NOUN
虚荣,vanity,NOUN
虚伪,hypocrisy,NOUN
真诚,sincerity,NOUN
背叛,betrayal,NOUN
猜疑,suspicion,NOUN
确信,certainty,NOUN
精确,precise,ADJ
误解,misunderstand,VERB
知晓,be aware,VERB
识别,identify,VERB
辨别,distinguish,VERB
分类,classify,VERB
推断,infer,VERB
推测,speculate,VERB
猜测,guess,VERB
评估,evaluate,VERB
裁定,rule,VERB
审议,deliberate,VERB
回想,recall,VERB
遗忘,forget,VERB
疏忽,oversight,NOUN
缺陷,defect,NOUN
劣势,disadvantage,NOUN
强项,strength,NOUN
特长,specialty,NOUN
潜力,potential,NOUN
吸引力,attraction,NOUN
影响力,influence,NOUN
竞争力,competitiveness,NOUN
创造力,creativity,NOUN
想象力,imagination,NOUN
记忆力,memory,NOUN
注意力,attention,NOUN
观察力,observation,NOUN
判断力,judgment,NOUN
表达力,expression,NOUN
理解力,comprehension,NOUN
执行力,execution,NOUN
组织力,organization,NOUN
领导力,leadership,NOUN
凝聚力,cohesion,NOUN
向心力,centripetal force,NOUN
离心力,centrifugal force,NOUN
阻力,resistance,NOUN
助力,assistance,NOUN
效力,effectiveness,NOUN
效益,benefit,NOUN
结局,ending,NOUN
终结,end,NOUN
终止,terminate,VERB
中止,suspend,VERB
撤销,revoke,VERB
消除,eliminate,VERB
清除,clear,VERB
排除,exclude,VERB
解除,relieve,VERB
缓和,mitigate,VERB
改良,improve,VERB
变革,transformation,NOUN
变动,fluctuation,NOUN
演变,evolution,NOUN
演化,evolution,NOUN
转化,transform,VERB
转换,convert,VERB
转移,transfer,VERB
搬迁,relocate,VERB
迁移,migrate,VERB
殖民,colonize,VERB
定居,settle,VERB
栖息,inhabit,VERB
生存,survive,VERB
展示会,fair,NOUN
美术馆,art gallery,NOUN
文化馆,cultural center,NOUN
体育馆,stadium,NOUN
大剧院,grand theater,NOUN
音乐厅,concert hall,NOUN
会议中心,conference center,NOUN
展览中心,exhibition center,NOUN
商业中心,commercial center,NOUN
金融中心,financial center,NOUN
购物中心,shopping center,NOUN
娱乐中心,entertainment center,NOUN
研究中心,research center,NOUN
培训中心,training center,NOUN
创新中心,innovation center,NOUN
数据中心,data center,NOUN
指挥中心,command center,NOUN
控制中心,control center,NOUN
服务中心,service center,NOUN
医疗中心,medical center,NOUN
健康中心,health center,NOUN
康复中心,rehabilitation center,NOUN
养老院,nursing home,NOUN
孤儿院,orphanage,NOUN
福利院,welfare home,NOUN
收容所,shelter,NOUN
避难所,refuge,NOUN
避风港,safe haven,NOUN
港口,port,NOUN
码头,dock,NOUN
海滨,seaside,NOUN
海岸,coast,NOUN
海滩,beach,NOUN
绿洲,oasis,NOUN
草原,grassland,NOUN
高原,plateau,NOUN
盆地,basin,NOUN
瀑布,waterfall,NOUN
湖泊,lake,NOUN
池塘,pond,NOUN
河流,river,NOUN
溪流,stream,NOUN
运河,canal,NOUN
渠道,channel,NOUN
水库,reservoir,NOUN
桥梁,bridge,NOUN
隧道,tunnel,NOUN
高速公路,highway,NOUN
铁路,railway,NOUN
航线,route,NOUN
车站,station,NOUN
边境,border,NOUN
证书,certificate,NOUN
许可证,permit,NOUN
许可,permit,VERB
容许,tolerate,VERB
阻碍,hinder,VERB
困境,predicament,NOUN
灾难,disaster,NOUN
损害,damage,NOUN
融资,finance,VERB
债务,debt,NOUN
资产,asset,NOUN
资本,capital,NOUN
经费,expense,NOUN
产值,output value,NOUN
支出,expenditure,NOUN
预算,budget,NOUN
决算,final accounts,NOUN
税收,tax,NOUN
免税,tax-free,ADJ
纳税,pay tax,VERB
逃税,tax evasion,NOUN
关税,tariff,NOUN
顺差,surplus,NOUN
逆差,deficit,NOUN
需求,demand,NOUN
协作,collaboration,NOUN
协同,synergy,NOUN
调解,mediate,VERB
仲裁,arbitrate,VERB
争执,dispute,NOUN
抵抗,resist,VERB
抗击,fight,VERB
打击,strike,VERB
攻击,attack,VERB
防御,defense,NOUN
维持,maintain,VERB
确保,ensure,VERB
核实,verify,VERB
查实,investigate,VERB
审核,audit,VERB
审批,approve,VERB
授权,authorize,VERB
聘任,hire,VERB
解雇,fire,VERB
离职,leave job,VERB
换届,transition,NOUN
投票,vote,VERB
竞选,campaign,VERB
落选,lose election,VERB
政权,regime,NOUN
法规,regulation,NOUN
体制,system,NOUN
机构,institution,NOUN
群众,masses,NOUN
民众,people,NOUN
国民,citizen,NOUN
村民,villager,NOUN
牧民,herder,NOUN
渔民,fisherman,NOUN
法官,judge,NOUN
检察官,prosecutor,NOUN
证人,witness,NOUN
嫌疑犯,suspect,NOUN
参与者,participant,NOUN
组织者,organizer,NOUN
领导者,leader,NOUN
管理者,manager,NOUN
执行者,executor,NOUN
决策者,decision maker,NOUN
投资者,investor,NOUN
消费者,consumer,NOUN
生产者,producer,NOUN
供应者,supplier,NOUN
购买者,buyer,NOUN
销售者,seller,NOUN
服务者,server,NOUN
受益者,beneficiary,NOUN
创始者,founder,NOUN
继承者,successor,NOUN
追随者,follower,NOUN
支持者,supporter,NOUN
反对者,opponent,NOUN
竞争者,competitor,NOUN
合作者,collaborator,NOUN
协调者,coordinator,NOUN
调解者,mediator,NOUN
仲裁者,arbitrator,NOUN
监督者,supervisor,NOUN
观察者,observer,NOUN
记录者,recorder,NOUN
报告者,reporter,NOUN
传播者,spreader,NOUN
接受者,receiver,NOUN
传递者,transmitter,NOUN
创造者,creator,NOUN
发明者,inventor,NOUN
发现者,discoverer,NOUN
探索者,explorer,NOUN
研究者,researcher,NOUN
学者,scholar,NOUN
讲师,lecturer,NOUN
毕业生,graduate,NOUN
本科生,undergraduate,NOUN
博士生,PhD student,NOUN
留学生,international student,NOUN
访问学者,visiting scholar,NOUN
研究员,researcher,NOUN
院士,academician,NOUN
诺贝尔奖,Nobel Prize,NOUN
奥斯卡奖,Oscar,NOUN
半决赛,semifinal,NOUN
淘汰赛,knockout,NOUN
循环赛,round-robin,NOUN
表演赛,exhibition match,NOUN
资格赛,qualifier,NOUN
热身赛,warm-up match,NOUN
联赛,league,NOUN
锦标赛,tournament,NOUN
奥运会,Olympics,NOUN
世界杯,World Cup,NOUN
邀请赛,invitation tournament,NOUN
公开赛,open tournament,NOUN
运动员,athlete,NOUN
裁判,referee,NOUN
队长,captain,NOUN
队员,team member,NOUN
队友,teammate,NOUN
门票,ticket,NOUN
赛季,season,NOUN
比分,score,NOUN
打破纪录,break record,VERB
创造纪录,set record,VERB
保持纪录,hold record,VERB
世界纪录,world record,NOUN
全国纪录,national record,NOUN
个人纪录,personal record,NOUN
历史纪录,historical record,NOUN
档案,archive,NOUN
文献,literature,NOUN
素材,source material,NOUN
题材,subject matter,NOUN
议题,agenda item,NOUN
难题,puzzle,NOUN
课题,research topic,NOUN
职责,duty,NOUN
职能,function,NOUN
职权,authority,NOUN
权益,rights,NOUN
福利,welfare,NOUN
报酬,remuneration,NOUN
薪酬,salary,NOUN
理赔,claim,NOUN
投保,insure,VERB
承保,underwrite,VERB
勒索,extort,VERB
诈骗,fraud,NOUN
欺骗,deceive,VERB
谎言,lie,NOUN
真相,truth,NOUN
证词,testimony,NOUN
口供,confession,NOUN
供词,statement,NOUN
审讯,interrogate,VERB
裁决,ruling,NOUN
定罪,convict,VERB
无罪,innocent,ADJ
有罪,guilty,ADJ
释放,release,VERB
逮捕,arrest,VERB
拘留,detain,VERB
监禁,imprison,VERB
赦免,pardon,VERB
特赦,amnesty,NOUN
死刑,death penalty,NOUN
终身监禁,life sentence,NOUN
有期徒刑,fixed-term imprisonment,NOUN
缓刑,suspended sentence,NOUN
假释,parole,NOUN
减刑,reduce sentence,VERB
刑满释放,release after sentence,NOUN
越狱,prison break,NOUN
犯罪,crime,NOUN
违法,illegal,ADJ
合规,compliant,ADJ
违规,violation,NOUN
违纪,disciplinary violation,NOUN
违约,breach of contract,NOUN
索赔,claim damages,VERB
起诉,sue,VERB
应诉,respond to lawsuit,VERB
反诉,counterclaim,NOUN
撤诉,drop charges,VERB
诉讼,litigation,NOUN
法庭,courtroom,NOUN
最高法院,supreme court,NOUN
修正案,amendment,NOUN
条款,clause,NOUN
条约,treaty,NOUN
公约,convention,NOUN
宣言,declaration,NOUN
通告,notice,NOUN
通报,circular,NOUN
汇报,brief,NOUN
总结报告,summary report,NOUN
调查报告,investigation report,NOUN
研究报告,research report,NOUN
年度报告,annual report,NOUN
财务报告,financial report,NOUN
市场报告,market report,NOUN
行业报告,industry report,NOUN
技术报告,technical report,NOUN
实验报告,lab report,NOUN
测试报告,test report,NOUN
评估报告,assessment report,NOUN
审计报告,audit report,NOUN
环境影响,environmental impact,NOUN
社会影响,social impact,NOUN
经济影响,economic impact,NOUN
政治影响,political impact,NOUN
文化影响,cultural impact,NOUN
心理影响,psychological impact,NOUN
生理影响,physiological impact,NOUN
直接影响,direct impact,NOUN
间接影响,indirect impact,NOUN
长期影响,long-term impact,NOUN
短期影响,short-term impact,NOUN
正面影响,positive impact,NOUN
负面影响,negative impact,NOUN
深远影响,profound impact,NOUN
广泛影响,widespread impact,NOUN
重大影响,significant impact,NOUN
轻微影响,minor impact,NOUN
不可避免,unavoidable,ADJ
不可逆转,irreversible,ADJ
不可估量,immeasurable,ADJ
不可忽视,negligible not,ADJ
不可阻挡,unstoppable,ADJ
不可分割,inseparable,ADJ
不可或缺,indispensable,ADJ
不可替代,irreplaceable,ADJ
不可调和,irreconcilable,ADJ
不可理喻,unreasonable,ADJ
不可否认,undeniable,ADJ
不可辩驳,irrefutable,ADJ
不可挽回,irreversible,ADJ
不可救药,incurable,ADJ
不可磨灭,indelible,ADJ
不可名状,indescribable,ADJ
不可限量,limitless,ADJ
不可逾越,insurmountable,ADJ
不可企及,unattainable,ADJ
难以置信,hard to believe,ADJ
难以想象,hard to imagine,ADJ
难以预料,hard to predict,ADJ
难以克服,hard to overcome,ADJ
难以避免,hard to avoid,ADJ
难以理解,hard to understand,ADJ
难以接受,hard to accept,ADJ
难以忍受,hard to endure,ADJ
难以启齿,hard to say,ADJ
难以割舍,hard to part with,ADJ
难以抉择,hard to choose,ADJ
难以衡量,hard to measure,ADJ
难以估量,hard to estimate,ADJ
难以描述,hard to describe,ADJ
难以区分,hard to distinguish,ADJ
难以辨别,hard to identify,ADJ
难以判断,hard to judge,ADJ
难以决定,hard to decide,ADJ
难以确定,hard to determine,ADJ
难以确认,hard to confirm,ADJ
难以维持,hard to maintain,ADJ
难以持续,hard to sustain,ADJ
难以实现,hard to achieve,ADJ
难以完成,hard to complete,ADJ
难以达成,hard to reach,ADJ
难以满足,hard to satisfy,ADJ
难以适应,hard to adapt,ADJ
难以调整,hard to adjust,ADJ
难以控制,hard to control,ADJ
难以管理,hard to manage,ADJ
难以操作,hard to operate,ADJ
难以执行,hard to execute,ADJ
难以实施,hard to implement,ADJ
难以推行,hard to promote,ADJ
难以推广,hard to spread,ADJ
难以普及,hard to popularize,ADJ
难以认可,hard to approve,ADJ
难以认同,hard to identify with,ADJ
难以原谅,hard to forgive,ADJ
难以忘怀,hard to forget,ADJ
难以释怀,hard to let go,ADJ
难以平息,hard to calm,ADJ
难以抑制,hard to suppress,ADJ
难以克制,hard to restrain,ADJ
难以抗拒,hard to resist,ADJ
难以抵御,hard to defend,ADJ
难以逾越,hard to cross,ADJ
难以突破,hard to break through,ADJ
难以超越,hard to surpass,ADJ
难以比拟,hard to compare,ADJ
难以匹配,hard to match,ADJ
难以替代,hard to replace,ADJ
难以复制,hard to copy,ADJ
难以模仿,hard to imitate,ADJ
难以企及,hard to reach,ADJ
难以触及,hard to touch,ADJ
难以接近,hard to approach,ADJ
难以沟通,hard to communicate,ADJ
难以协调,hard to coordinate,ADJ
难以合作,hard to cooperate,ADJ
难以协作,hard to collaborate,ADJ
难以配合,hard to coordinate,ADJ
难以妥协,hard to compromise,ADJ
难以调解,hard to mediate,ADJ
难以调和,hard to reconcile,ADJ
难以化解,hard to resolve,ADJ
难以消除,hard to eliminate,ADJ
难以预防,hard to prevent,ADJ
难以治愈,hard to cure,ADJ
难以康复,hard to recover,ADJ
难以生存,hard to survive,ADJ
难以延续,hard to continue,ADJ
难以传承,hard to inherit,ADJ
难以保留,hard to retain,ADJ
难以保护,hard to protect,ADJ
难以保存,hard to preserve,ADJ
难以恢复,hard to restore,ADJ
难以修复,hard to repair,ADJ
难以弥补,hard to compensate,ADJ
难以挽回,hard to recover,ADJ
难以逆转,hard to reverse,ADJ
难以改变,hard to change,ADJ
难以改造,hard to transform,ADJ
难以改良,hard to improve,ADJ
难以完善,hard to perfect,ADJ
难以优化,hard to optimize,ADJ
难以升级,hard to upgrade,ADJ
难以更新,hard to update,ADJ
难以替换,hard to replace,ADJ
难以迁移,hard to migrate,ADJ
难以转移,hard to transfer,ADJ
难以运输,hard to transport,ADJ
难以携带,hard to carry,ADJ
难以储存,hard to store,ADJ
难以保管,hard to keep,ADJ
难以处理,hard to process,ADJ
难以处置,hard to dispose,ADJ
难以应对,hard to handle,ADJ
难以应付,hard to cope,ADJ
难以解决,hard to solve,ADJ
难以解答,hard to answer,ADJ
难以解释,hard to explain,ADJ
难以说明,hard to illustrate,ADJ
难以证明,hard to prove,ADJ
难以证实,hard to verify,ADJ
难以否认,hard to deny,ADJ
难以反驳,hard to refute,ADJ
难以辩论,hard to debate,ADJ
难以讨论,hard to discuss,ADJ
难以协商,hard to negotiate,ADJ
难以商议,hard to consult,ADJ
难以商量,hard to discuss,ADJ
难以交流,hard to exchange,ADJ
难以互动,hard to interact,ADJ
难以融入,hard to integrate,ADJ
难以赞同,hard to agree,ADJ
难以支持,hard to support,ADJ
难以反对,hard to oppose,ADJ
难以批评,hard to criticize,ADJ
难以评价,hard to evaluate,ADJ
难以预测,hard to predict,ADJ
难以估计,hard to estimate,ADJ
难以计算,hard to calculate,ADJ
难以统计,hard to count,ADJ
难以比较,hard to compare,ADJ
难以分辨,hard to differentiate,ADJ
难以识别,hard to identify,ADJ
难以辨认,hard to recognize,ADJ
难以察觉,hard to perceive,ADJ
难以发现,hard to discover,ADJ
难以找到,hard to find,ADJ
难以获得,hard to obtain,ADJ
难以获取,hard to acquire,ADJ
难以取得,hard to achieve,ADJ
难以达到,hard to reach,ADJ
难以符合,hard to meet,ADJ
难以平衡,hard to balance,ADJ
难以兼顾,hard to balance both,ADJ
难以取舍,hard to choose,ADJ
难以放弃,hard to abandon,ADJ
难以坚持,hard to persist,ADJ
难以继续,hard to continue,ADJ
难以中断,hard to interrupt,ADJ
难以停止,hard to stop,ADJ
难以终止,hard to terminate,ADJ
难以结束,hard to end,ADJ
难以开始,hard to start,ADJ
难以启动,hard to launch,ADJ
难以落实,hard to implement,ADJ
难以使用,hard to use,ADJ
难以应用,hard to apply,ADJ
难以传播,hard to spread,ADJ
难以传达,hard to convey,ADJ
难以表达,hard to express,ADJ
难以形容,hard to depict,ADJ
难以描绘,hard to portray,ADJ
难以刻画,hard to depict,ADJ
难以记录,hard to record,ADJ
难以存储,hard to store,ADJ
难以记忆,hard to remember,ADJ
难以忘记,hard to forget,ADJ
难以承受,hard to endure,ADJ
难以承担,hard to bear,ADJ
难以担负,hard to shoulder,ADJ
难以担当,hard to take on,ADJ
难以胜任,hard to be competent,ADJ
难以回避,hard to avoid,ADJ
难以逃避,hard to escape,ADJ
难以面对,hard to face,ADJ
难以正视,hard to confront,ADJ
难以忽视,hard to ignore,ADJ
难以抹去,hard to erase,ADJ
难以清除,hard to clear,ADJ
难以去除,hard to remove,ADJ
难以摆脱,hard to shake off,ADJ
难以脱离,hard to separate,ADJ
难以分离,hard to separate,ADJ
难以分割,hard to divide,ADJ
难以拆分,hard to split,ADJ
难以分解,hard to decompose,ADJ
难以分析,hard to analyze,ADJ
难以解析,hard to parse,ADJ
难以领悟,hard to grasp,ADJ
难以体会,hard to experience,ADJ
难以感受,hard to feel,ADJ
难以感知,hard to perceive,ADJ
难以观察,hard to observe,ADJ
难以监测,hard to monitor,ADJ
难以监控,hard to monitor,ADJ
难以治理,hard to govern,ADJ
难以统治,hard to rule,ADJ
难以领导,hard to lead,ADJ
难以引导,hard to guide,ADJ
难以指导,hard to instruct,ADJ
难以教导,hard to teach,ADJ
难以教育,hard to educate,ADJ
难以培养,hard to cultivate,ADJ
难以训练,hard to train,ADJ
难以锻炼,hard to exercise,ADJ
难以实践,hard to practice,ADJ
难以实习,hard to intern,ADJ
难以试用,hard to try,ADJ
难以测试,hard to test,ADJ
难以检验,hard to inspect,ADJ
难以验证,hard to verify,ADJ
难以表明,hard to show,ADJ
难以展示,hard to display,ADJ
难以展现,hard to exhibit,ADJ
难以呈现,hard to present,ADJ
难以体现,hard to embody,ADJ
难以反映,hard to reflect,ADJ
难以表示,hard to indicate,ADJ
难以阐述,hard to expound,ADJ
难以论述,hard to discuss,ADJ
难以论证,hard to argue,ADJ
难以驳斥,hard to rebut,ADJ
难以承认,hard to admit,ADJ
难以容忍,hard to tolerate,ADJ
颁布,promulgate,VERB
违抗,disobey,VERB
斡旋,intervene,VERB
介入,get involved,VERB
缺席,be absent,VERB
列席,attend as observer,VERB
召集,convene,VERB
推进,advance,VERB
推动,promote,VERB
督促,supervise,VERB
监督,supervise,VERB
监察,monitor,VERB
审计,audit,VERB
核对,check,VERB
校对,proofread,VERB
修订,revise,VERB
修正,amend,VERB
调节,regulate,VERB
调控,control,VERB
操纵,manipulate,VERB
掌控,control,VERB
精通,master,VERB
擅长,be good at,VERB
界限,boundary,NOUN
边缘,edge,NOUN
前沿,frontier,NOUN
领先,leading,ADJ
超越,surpass,VERB
跨越,leap,VERB
突破,breakthrough,NOUN
攻克,conquer,VERB
投降,surrender,VERB
撤退,retreat,VERB
萧条,depression,NOUN
衰退,decline,NOUN
复苏,recovery,NOUN
波动,fluctuate,VERB
共识,consensus,NOUN
契约,contract,NOUN
承诺,commitment,NOUN
担保,guarantee,NOUN
抵押,mortgage,NOUN
质押,pledge,NOUN
租赁,lease,NOUN
租金,rent,NOUN
本金,principal,NOUN
通货膨胀,inflation,NOUN
通货紧缩,deflation,NOUN
科技,technology,NOUN
内政,internal affairs,NOUN
立法,legislation,NOUN
执法,law enforcement,NOUN
守法,law-abiding,ADJ
申诉,appeal,NOUN
上诉,appeal,NOUN
终审,final appeal,NOUN
初审,first trial,NOUN
复审,review,NOUN
再审,retrial,NOUN
陪审,jury,NOUN
庭审,court session,NOUN
听证,hearing,NOUN
质询,inquiry,NOUN
追问,follow up,VERB
盘问,interrogate,VERB
审问,interrogate,VERB
拷问,torture,VERB
逼供,extort confession,VERB
招供,confess,VERB
检举,report,VERB
揭发,expose,VERB
举报,report,VERB
控告,accuse,VERB
控诉,accuse,VERB
辩护,defend,VERB
答辩,reply,VERB
抗辩,counter,VERB
驳斥,rebut,VERB
默认,tacitly accept,VERB
准许,approve,VERB
核准,approve,VERB
驳回,reject,VERB
谢绝,decline,VERB
婉拒,decline politely,VERB
采纳,adopt,VERB
采用,adopt,VERB
选用,choose,VERB
挑选,select,VERB
选拔,select,VERB
表决,vote,VERB
决议,resolution,NOUN
宣判,pronounce,VERB
量刑,sentence,VERB
加刑,increase sentence,VERB
免刑,exempt from punishment,VERB
大赦,amnesty,NOUN
保释,bail,NOUN
取保候审,bail pending trial,NOUN
监视居住,residential surveillance,NOUN
拘押,detain,VERB
关押,imprison,VERB
囚禁,imprison,VERB
软禁,house arrest,NOUN
逃亡,flee,NOUN
潜逃,abscond,VERB
通缉,wanted,VERB
追捕,pursue,VERB
缉拿,arrest,VERB
归案,brought to justice,VERB
自首,surrender,VERB
投案,give oneself up,VERB
报案,report case,VERB
立案,file case,VERB
销案,close case,VERB
结案,close case,VERB
悬案,cold case,NOUN
冤案,wrongful case,NOUN
错案,wrongful case,NOUN
铁案,ironclad case,NOUN
疑案,unsolved case,NOUN
奇案,bizarre case,NOUN
大案,major case,NOUN
要案,important case,NOUN
命案,murder case,NOUN
凶杀,murder,NOUN
谋杀,murder,NOUN
暗杀,assassination,NOUN
刺杀,assassinate,VERB
行刺,assassinate,VERB
遇刺,be assassinated,VERB
中弹,be shot,VERB
中枪,be shot,VERB
枪击,shooting,NOUN
爆炸,explosion,NOUN
轰炸,bombing,NOUN
袭击,attack,NOUN
伏击,ambush,NOUN
突袭,raid,NOUN
偷袭,surprise attack,NOUN
奇袭,surprise attack,NOUN
强袭,storm,VERB
猛攻,storm,VERB
进攻,attack,VERB
防守,defend,VERB
抵御,resist,VERB
起义,uprising,NOUN
叛乱,rebellion,NOUN
暴动,riot,NOUN
骚乱,disturbance,NOUN
动乱,turmoil,NOUN
暴乱,insurrection,NOUN
政变,coup,NOUN
兵变,mutiny,NOUN
哗变,mutiny,VERB
叛变,defect,VERB
叛逃,defect,VERB
投敌,defect to enemy,VERB
叛国,treason,NOUN
卖国,betray country,VERB
爱国,patriotic,ADJ
报国,serve country,VERB
卫国,defend country,VERB
建国,found country,VERB
治国,govern country,VERB
兴国,prosper country,VERB
强国,strong country,NOUN
富国,rich country,NOUN
大国,great power,NOUN
王国,kingdom,NOUN
联邦,federation,NOUN
邦联,confederation,NOUN
同盟,alliance,NOUN
联盟,league,NOUN
联合国,United Nations,NOUN
东盟,ASEAN,NOUN
欧盟,EU,NOUN
北约,NATO,NOUN
世贸,WTO,NOUN
世卫,WHO,NOUN
世行,World Bank,NOUN
国币,currency,NOUN
外汇,foreign exchange,NOUN
外债,foreign debt,NOUN
内债,domestic debt,NOUN
国债,national debt,NOUN
公债,public debt,NOUN
私债,private debt,NOUN
债权,creditor's rights,NOUN
债权人,creditor,NOUN
债务人,debtor,NOUN
担保人,guarantor,NOUN
见证人,witness,NOUN
中间人,middleman,NOUN
经纪人,broker,NOUN
代理人,agent,NOUN
代表人,representative,NOUN
负责人,person in charge,NOUN
管理人,manager,NOUN
监督人,supervisor,NOUN
调解人,mediator,NOUN
仲裁人,arbitrator,NOUN
公证人,notary,NOUN
目击者,eyewitness,NOUN
相关人,related person,NOUN
知情人,insider,NOUN
局内人,insider,NOUN
局外人,outsider,NOUN
门外汉,layman,NOUN
内行,expert,NOUN
科学家,scientist,NOUN
设计师,designer,NOUN
建筑师,architect,NOUN
程序员,programmer,NOUN
分析师,analyst,NOUN
咨询师,consultant,NOUN
顾问,advisor,NOUN
学长,senior,NOUN
学姐,senior female,NOUN
校友,alumnus,NOUN
租客,tenant,NOUN
雇主,employer,NOUN
雇员,employee,NOUN
搭档,partner,NOUN
股东,shareholder,NOUN
董事长,chairman,NOUN
总经理,general manager,NOUN
部门经理,department manager,NOUN
项目经理,project manager,NOUN
产品经理,product manager,NOUN
市场经理,marketing manager,NOUN
销售经理,sales manager,NOUN
财务经理,finance manager,NOUN
人事经理,HR manager,NOUN
运营经理,operations manager,NOUN
技术经理,tech manager,NOUN
研发经理,R&D manager,NOUN
质量经理,quality manager,NOUN
安全经理,safety manager,NOUN
物流经理,logistics manager,NOUN
采购经理,procurement manager,NOUN
供应链,supply chain,NOUN
产业链,industry chain,NOUN
价值链,value chain,NOUN
生态链,ecosystem chain,NOUN
食物链,food chain,NOUN
区块链,blockchain,NOUN
大数据,big data,NOUN
人工智能,AI,NOUN
机器学习,machine learning,NOUN
深度学习,deep learning,NOUN
自然语言,natural language,NOUN
语言处理,language processing,NOUN
图像识别,image recognition,NOUN
语音识别,speech recognition,NOUN
人脸识别,face recognition,NOUN
指纹识别,fingerprint recognition,NOUN
虹膜识别,iris recognition,NOUN
声纹识别,voiceprint recognition,NOUN
步态识别,gait recognition,NOUN
行为识别,behavior recognition,NOUN
情感识别,emotion recognition,NOUN
意图识别,intent recognition,NOUN
实体识别,entity recognition,NOUN
关系识别,relation recognition,NOUN
事件识别,event recognition,NOUN
场景识别,scene recognition,NOUN
物体识别,object recognition,NOUN
动作识别,action recognition,NOUN
手势识别,gesture recognition,NOUN
姿态识别,pose recognition,NOUN
表情识别,expression recognition,NOUN
情绪识别,mood recognition,NOUN
性格识别,personality recognition,NOUN
身份识别,identity recognition,NOUN
资质识别,qualification recognition,NOUN
权限识别,permission recognition,NOUN
风险识别,risk recognition,NOUN
机会识别,opportunity recognition,NOUN
趋势识别,trend recognition,NOUN
模式识别,pattern recognition,NOUN
异常识别,anomaly recognition,NOUN
故障识别,fault recognition,NOUN
缺陷识别,defect recognition,NOUN
漏洞识别,vulnerability recognition,NOUN
威胁识别,threat recognition,NOUN
攻击识别,attack recognition,NOUN
入侵识别,intrusion recognition,NOUN
欺诈识别,fraud recognition,NOUN
虚假识别,fake recognition,NOUN
谣言识别,rumor recognition,NOUN
偏见识别,bias recognition,NOUN
歧视识别,discrimination recognition,NOUN
仇恨识别,hate recognition,NOUN
暴力识别,violence recognition,NOUN
色情识别,pornography recognition,NOUN
垃圾识别,spam recognition,NOUN
广告识别,ad recognition,NOUN
新闻识别,news recognition,NOUN
评论识别,review recognition,NOUN
反馈识别,feedback recognition,NOUN
投诉识别,complaint recognition,NOUN
建议识别,suggestion recognition,NOUN
咨询识别,inquiry recognition,NOUN
求助识别,help recognition,NOUN
报警识别,alarm recognition,NOUN
预警识别,warning recognition,NOUN
监测识别,monitoring recognition,NOUN
检测识别,detection recognition,NOUN
检验识别,inspection recognition,NOUN
测试识别,test recognition,NOUN
验证识别,verification recognition,NOUN
认证识别,authentication recognition,NOUN
授权识别,authorization recognition,NOUN
鉴权识别,authentication recognition,NOUN
角色识别,role recognition,NOUN
用户识别,user recognition,NOUN
客户识别,customer recognition,NOUN
会员识别,member recognition,NOUN
访客识别,visitor recognition,NOUN
员工识别,employee recognition,NOUN
管理者识别,manager recognition,NOUN
领导识别,leader recognition,NOUN
专家识别,expert recognition,NOUN
学者识别,scholar recognition,NOUN
研究员识别,researcher recognition,NOUN
分析师识别,analyst recognition,NOUN
顾问识别,consultant recognition,NOUN
志愿者识别,volunteer recognition,NOUN
参与者识别,participant recognition,NOUN
组织者识别,organizer recognition,NOUN
领导者识别,leader recognition,NOUN
执行者识别,executor recognition,NOUN
决策者识别,decision-maker recognition,NOUN
投资者识别,investor recognition,NOUN
消费者识别,consumer recognition,NOUN
生产者识别,producer recognition,NOUN
供应者识别,supplier recognition,NOUN
购买者识别,buyer recognition,NOUN
销售者识别,seller recognition,NOUN
服务者识别,server recognition,NOUN
受益者识别,beneficiary recognition,NOUN
受害者识别,victim recognition,NOUN
创始者识别,founder recognition,NOUN
继承者识别,successor recognition,NOUN
追随者识别,follower recognition,NOUN
支持者识别,supporter recognition,NOUN
反对者识别,opponent recognition,NOUN
竞争者识别,competitor recognition,NOUN
合作者识别,collaborator recognition,NOUN
协调者识别,coordinator recognition,NOUN
调解者识别,mediator recognition,NOUN
仲裁者识别,arbitrator recognition,NOUN
监督者识别,supervisor recognition,NOUN
观察者识别,observer recognition,NOUN
记录者识别,recorder recognition,NOUN
报告者识别,reporter recognition,NOUN
传播者识别,spreader recognition,NOUN
接受者识别,receiver recognition,NOUN
传递者识别,transmitter recognition,NOUN
创造者识别,creator recognition,NOUN
发明者识别,inventor recognition,NOUN
发现者识别,discoverer recognition,NOUN
探索者识别,explorer recognition,NOUN
研究者识别,researcher recognition,NOUN
便利店,convenience store,NOUN
百货,department store,NOUN
商场,mall,NOUN
咖啡馆,cafe,NOUN
酒店,hotel,NOUN
旅馆,inn,NOUN
招待所,guest house,NOUN
民宿,B&B,NOUN
四合院,courtyard house,NOUN
阁楼,attic,NOUN
走廊,corridor,NOUN
楼梯,stairs,NOUN
扶梯,escalator,NOUN
楼梯间,stairwell,NOUN
前门,front door,NOUN
后门,back door,NOUN
侧门,side door,NOUN
围墙,wall,NOUN
篱笆,fence,NOUN
草坪,lawn,NOUN
假山,rockery,NOUN
喷泉,fountain,NOUN
游泳池,swimming pool,NOUN
瑜伽,yoga,NOUN
太极,tai chi,NOUN
拳击,boxing,NOUN
柔道,judo,NOUN
跆拳道,taekwondo,NOUN
空手道,karate,NOUN
剑道,kendo,NOUN
射箭,archery,NOUN
马术,equestrian,NOUN
击剑,fencing,NOUN
体操,gymnastics,NOUN
跳水,diving,NOUN
花样滑冰,figure skating,NOUN
速度滑冰,speed skating,NOUN
冰球,ice hockey,NOUN
雪橇,sleigh,NOUN
滑雪,skiing,NOUN
冲浪,surfing,NOUN
帆船,sailing,NOUN
赛艇,rowing,NOUN
皮划艇,kayak,NOUN
潜水,diving,NOUN
蹦极,bungee jumping,NOUN
跳伞,parachuting,NOUN
滑翔,gliding,NOUN
热气球,hot air balloon,NOUN
攀岩,rock climbing,NOUN
登山,mountaineering,NOUN
徒步,hiking,NOUN
露营,camping,NOUN
野营,camping,NOUN
烧烤,barbecue,NOUN
野餐,picnic,NOUN
聚餐,dinner party,NOUN
宴席,banquet,NOUN
酒席,wedding feast,NOUN
喜酒,wedding wine,NOUN
满月酒,full moon banquet,NOUN
寿宴,birthday banquet,NOUN
庆功宴,victory banquet,NOUN
告别宴,farewell banquet,NOUN
欢迎宴,welcome banquet,NOUN
答谢宴,appreciation banquet,NOUN
团圆饭,reunion dinner,NOUN
年夜饭,New Year's Eve dinner,NOUN
汤圆,glutinous rice ball,NOUN
粽子,zongzi,NOUN
月饼,mooncake,NOUN
年糕,rice cake,NOUN
元宵,yuanxiao,NOUN
腊八粥,laba porridge,NOUN
青团,green rice ball,NOUN
馄饨,wonton,NOUN
米粉,rice noodles,NOUN
米线,rice vermicelli,NOUN
河粉,hefen,NOUN
粉丝,glass noodles,NOUN
豆芽,bean sprout,NOUN
豆浆,soy milk,NOUN
豆干,dried tofu,NOUN
腐竹,tofu skin,NOUN
豆豉,fermented bean,NOUN
料酒,cooking wine,NOUN
花椒,Sichuan pepper,NOUN
八角,star anise,NOUN
桂皮,cinnamon,NOUN
丁香,clove,NOUN
茴香,fennel,NOUN
薄荷,mint,NOUN
紫苏,perilla,NOUN
香菜,cilantro,NOUN
芹菜,celery,NOUN
韭菜,chive,NOUN
菠菜,spinach,NOUN
生菜,lettuce,NOUN
白菜,Chinese cabbage,NOUN
空心菜,water spinach,NOUN
西兰花,broccoli,NOUN
花菜,cauliflower,NOUN
卷心菜,cabbage,NOUN
圆白菜,cabbage,NOUN
茄子,eggplant,NOUN
番茄,tomato,NOUN
冬瓜,winter melon,NOUN
南瓜,pumpkin,NOUN
丝瓜,loofah,NOUN
苦瓜,bitter melon,NOUN
青椒,green pepper,NOUN
红椒,red pepper,NOUN
彩椒,bell pepper,NOUN
蘑菇,mushroom,NOUN
香菇,shiitake,NOUN
金针菇,enoki,NOUN
木耳,wood ear,NOUN
银耳,snow fungus,NOUN
竹笋,bamboo shoot,NOUN
春笋,spring bamboo shoot,NOUN
冬笋,winter bamboo shoot,NOUN
大米,rice,NOUN
糯米,glutinous rice,NOUN
燕麦,oats,NOUN
荞麦,buckwheat,NOUN
小米,millet,NOUN
高粱,sorghum,NOUN
红薯,sweet potato,NOUN
紫薯,purple sweet potato,NOUN
山药,yam,NOUN
芋头,taro,NOUN
木薯,cassava,NOUN
莲藕,lotus root,NOUN
荸荠,water chestnut,NOUN
菱角,water caltrop,NOUN
茨菇,arrowhead,NOUN
桃子,peach,NOUN
李子,plum,NOUN
杏子,apricot,NOUN
樱桃,cherry,NOUN
草莓,strawberry,NOUN
蓝莓,blueberry,NOUN
覆盆子,raspberry,NOUN
黑莓,blackberry,NOUN
蔓越莓,cranberry,NOUN
桑葚,mulberry,NOUN
提子,table grape,NOUN
橙子,orange,NOUN
橘子,tangerine,NOUN
柚子,pomelo,NOUN
柠檬,lemon,NOUN
青柠,lime,NOUN
石榴,pomegranate,NOUN
火龙果,dragon fruit,NOUN
猕猴桃,kiwi,NOUN
牛油果,avocado,NOUN
椰子,coconut,NOUN
芒果,mango,NOUN
菠萝,pineapple,NOUN
榴莲,durian,NOUN
荔枝,lychee,NOUN
龙眼,longan,NOUN
山竹,mangosteen,NOUN
枇杷,loquat,NOUN
杨梅,bayberry,NOUN
柿子,persimmon,NOUN
枣子,jujube,NOUN
哈密瓜,cantaloupe,NOUN
香瓜,melon,NOUN
木瓜,papaya,NOUN
芭蕉,plantain,NOUN
甘蔗,sugarcane,NOUN
葵花籽,sunflower seed,NOUN
南瓜子,pumpkin seed,NOUN
西瓜子,watermelon seed,NOUN
松子,pine nut,NOUN
榛子,hazelnut,NOUN
核桃,walnut,NOUN
杏仁,almond,NOUN
腰果,cashew,NOUN
开心果,pistachio,NOUN
板栗,chestnut,NOUN
芝麻,sesame,NOUN
脉搏,pulse,NOUN
血压,blood pressure,NOUN
血糖,blood sugar,NOUN
血脂,blood lipid,NOUN
胆固醇,cholesterol,NOUN
血红蛋白,hemoglobin,NOUN
白细胞,white blood cell,NOUN
红细胞,red blood cell,NOUN
血小板,platelet,NOUN
血浆,plasma,NOUN
淋巴,lymph,NOUN
抗体,antibody,NOUN
抗原,antigen,NOUN
疫苗,vaccine,NOUN
细菌,bacteria,NOUN
真菌,fungus,NOUN
寄生虫,parasite,NOUN
蔓延,spread,NOUN
扩散,diffuse,NOUN
隔离,quarantine,NOUN
封城,lockdown,NOUN
戴口罩,wear mask,VERB
社交距离,social distancing,NOUN
核酸检测,nucleic acid test,NOUN
抗原检测,antigen test,NOUN
体温,body temperature,NOUN
发热,fever,NOUN
流鼻涕,runny nose,NOUN
鼻塞,stuffy nose,NOUN
喉咙痛,sore throat,NOUN
头痛,headache,NOUN
肚子痛,stomachache,NOUN
牙痛,toothache,NOUN
背痛,backache,NOUN
胸痛,chest pain,NOUN
腹痛,abdominal pain,NOUN
肌肉痛,muscle pain,NOUN
关节痛,joint pain,NOUN
神经痛,nerve pain,NOUN
眩晕,dizziness,NOUN
腹泻,diarrhea,NOUN
便秘,constipation,NOUN
嗜睡,drowsiness,NOUN
虚弱,weakness,NOUN
麻木,numbness,NOUN
瘫痪,paralysis,NOUN
痉挛,spasm,NOUN
抽搐,convulsion,NOUN
颤抖,tremor,NOUN
出汗,sweat,VERB
脱水,dehydration,NOUN
中暑,heatstroke,NOUN
冻伤,frostbite,NOUN
烧伤,burn,NOUN
烫伤,scald,NOUN
割伤,cut,NOUN
擦伤,abrasion,NOUN
瘀伤,bruise,NOUN
扭伤,sprain,NOUN
骨折,fracture,NOUN
脱臼,dislocation,NOUN
出血,bleeding,NOUN
止血,stop bleeding,VERB
包扎,bandage,VERB
消毒,disinfect,VERB
缝合,stitch,VERB
拆线,remove stitches,VERB
打石膏,put cast,VERB
拄拐,use crutches,VERB
坐轮椅,wheelchair,NOUN
住院,hospitalize,VERB
出院,leave hospital,NOUN
转院,transfer hospital,NOUN
急诊,emergency,NOUN
门诊,outpatient,NOUN
住院部,inpatient dept,NOUN
手术室,operating room,NOUN
重症监护,ICU,NOUN
病房,ward,NOUN
病床,hospital bed,NOUN
病历,medical record,NOUN
处方,prescription,NOUN
药方,prescription,NOUN
配药,dispense,VERB
服药,take medicine,VERB
输液,IV drip,NOUN
抽血,draw blood,NOUN
拍片,x-ray,NOUN
CT,CT scan,NOUN
核磁共振,MRI,NOUN
B超,ultrasound,NOUN
心电图,ECG,NOUN
脑电图,EEG,NOUN
胃镜,gastroscopy,NOUN
肠镜,colonoscopy,NOUN
活检,biopsy,NOUN
穿刺,puncture,NOUN
支架,stent,NOUN
搭桥,bypass,NOUN
移植,transplant,NOUN
化疗,chemotherapy,NOUN
放疗,radiotherapy,NOUN
靶向治疗,targeted therapy,NOUN
免疫治疗,immunotherapy,NOUN
基因治疗,gene therapy,NOUN
干细胞,stem cell,NOUN
克隆,clone,NOUN
染色体,chromosome,NOUN
DNA,DNA,NOUN
RNA,RNA,NOUN
蛋白质,protein,NOUN
氨基酸,amino acid,NOUN
酶,enzyme,NOUN
激素,hormone,NOUN
维生素,vitamin,NOUN
矿物质,mineral,NOUN
微量元素,trace element,NOUN
抗氧化,antioxidant,NOUN
益生菌,probiotic,NOUN
新陈代谢,metabolism,NOUN
光合作用,photosynthesis,NOUN
呼吸作用,respiration,NOUN
排泄,excretion,NOUN
繁殖,reproduction,NOUN
进化,evolution,NOUN
遗传,heredity,NOUN
变异,mutation,NOUN
灭绝,extinction,NOUN
物种,species,NOUN
种群,population,NOUN
群落,community,NOUN
生态系统,ecosystem,NOUN
生物多样性,biodiversity,NOUN
栖息地,habitat,NOUN
保护区,reserve,NOUN
国家公园,national park,NOUN
濒危,endangered,ADJ
保育,conservation,NOUN
重建,rebuild,VERB
改造,transform,VERB
升级,upgrade,VERB
更新,update,VERB
替换,replace,VERB
淘汰,eliminate,VERB
废弃,abandon,VERB
消耗,consume,VERB
短缺,shortage,NOUN
过剩,surplus,NOUN
饱和,saturated,ADJ
匮乏,depletion,NOUN
枯竭,exhaust,NOUN
再生,regenerate,VERB
可持续,sustainable,ADJ
可再生,renewable,ADJ
不可再生,non-renewable,ADJ
清洁能源,clean energy,NOUN
太阳能,solar energy,NOUN
风能,wind energy,NOUN
水能,hydro energy,NOUN
核能,nuclear energy,NOUN
地热,geothermal,ADJ
潮汐,tidal,ADJ
生物质,biomass,NOUN
氢能,hydrogen energy,NOUN
化石燃料,fossil fuel,NOUN
石油,petroleum,NOUN
页岩气,shale gas,NOUN
可燃冰,flammable ice,NOUN
碳排放,carbon emission,NOUN
碳中和,carbon neutral,NOUN
碳达峰,carbon peak,NOUN
温室气体,greenhouse gas,NOUN
气候变化,climate change,NOUN
全球变暖,global warming,NOUN
海平面上升,sea level rise,NOUN
极端天气,extreme weather,NOUN
洪涝,flood,NOUN
飓风,hurricane,NOUN
龙卷风,tornado,NOUN
海啸,tsunami,NOUN
火山,volcano,NOUN
泥石流,mudslide,NOUN
山体滑坡,landslide,NOUN
雪崩,avalanche,NOUN
沙尘暴,sandstorm,NOUN
雾霾,smog,NOUN
废水,wastewater,NOUN
废气,exhaust,NOUN
废渣,waste residue,NOUN
垃圾分类,waste sorting,NOUN
回收利用,recycling,NOUN
降解,degrade,VERB
焚烧,incinerate,VERB
填埋,landfill,NOUN
堆肥,compost,NOUN
环保,environmental protection,NOUN
绿色,green,ADJ
低碳,low carbon,ADJ
节能,energy saving,NOUN
减排,emission reduction,NOUN
绿化,greening,NOUN
植树,plant trees,VERB
造林,afforest,VERB
砍伐,deforest,VERB
退耕还林,return farmland to forest,NOUN
水土流失,soil erosion,NOUN
沙漠化,desertification,NOUN
石漠化,rock desertification,NOUN
盐碱化,salinization,NOUN
湿地,wetland,NOUN
滩涂,tidal flat,NOUN
珊瑚礁,coral reef,NOUN
红树林,mangrove,NOUN
热带雨林,rainforest,NOUN
针叶林,coniferous forest,NOUN
阔叶林,broadleaf forest,NOUN
混交林,mixed forest,NOUN
原始森林,primeval forest,NOUN
人工林,plantation,NOUN
社区,community,NOUN
社交,social,ADJ
社论,editorial,NOUN
社团,association,NOUN
社会学家,sociologist,NOUN
社会科学,social science,NOUN
社会地位,social status,NOUN
社会阶层,social class,NOUN
社会问题,social issue,NOUN
社会现象,social phenomenon,NOUN
社会制度,social system,NOUN
社会保障,social security,NOUN
社会福利,social welfare,NOUN
社会保险,social insurance,NOUN
社会公德,social morality,NOUN
社会秩序,social order,NOUN
社会治安,public security,NOUN
社会舆论,public opinion,NOUN
社会压力,social pressure,NOUN
社会责任,social responsibility,NOUN
社会贡献,social contribution,NOUN
社会价值,social value,NOUN
社会标准,social standard,NOUN
社会规范,social norm,NOUN
社会风俗,social custom,NOUN
社会习惯,social habit,NOUN
社会传统,social tradition,NOUN
社会变革,social change,NOUN
社会进步,social progress,NOUN
社会发展,social development,NOUN
社会稳定,social stability,NOUN
社会动荡,social turmoil,NOUN
社会矛盾,social conflict,NOUN
社会和谐,social harmony,NOUN
社会公平,social fairness,NOUN
社会正义,social justice,NOUN
社会平等,social equality,NOUN
社会歧视,social discrimination,NOUN
社会偏见,social prejudice,NOUN
社会包容,social inclusion,NOUN
社会排斥,social exclusion,NOUN
社会融入,social integration,NOUN
社会流动,social mobility,NOUN
社会分层,social stratification,NOUN
社会结构,social structure,NOUN
社会组织,social organization,NOUN
社会网络,social network,NOUN
社会关系,social relations,NOUN
社会互动,social interaction,NOUN
社会沟通,social communication,NOUN
社会协作,social collaboration,NOUN
社会合作,social cooperation,NOUN
社会竞争,social competition,NOUN
社会冲突,social conflict,NOUN
社会调解,social mediation,NOUN
社会仲裁,social arbitration,NOUN
社会和解,social reconciliation,NOUN
社会妥协,social compromise,NOUN
社会共识,social consensus,NOUN
社会协议,social agreement,NOUN
社会契约,social contract,NOUN
社会承诺,social commitment,NOUN
社会信任,social trust,NOUN
社会信用,social credit,NOUN
社会声誉,social reputation,NOUN
社会形象,social image,NOUN
社会身份,social identity,NOUN
社会角色,social role,NOUN
社会期望,social expectation,NOUN
社会评价,social evaluation,NOUN
社会认可,social recognition,NOUN
社会接受,social acceptance,NOUN
社会刻板印象,social stereotype,NOUN
社会标签,social label,NOUN
社会分类,social classification,NOUN
社会等级,social hierarchy,NOUN
社会不平等,social inequality,NOUN
社会权利,social rights,NOUN
社会义务,social obligation,NOUN
社会效益,social benefit,NOUN
社会成本,social cost,NOUN
社会后果,social consequence,NOUN
社会风险,social risk,NOUN
社会危机,social crisis,NOUN
社会挑战,social challenge,NOUN
社会机遇,social opportunity,NOUN
社会趋势,social trend,NOUN
社会潮流,social trend,NOUN
社会时尚,social fashion,NOUN
社会风气,social ethos,NOUN
社会习俗,social custom,NOUN
社会文化,social culture,NOUN
社会文明,social civilization,NOUN
社会演变,social evolution,NOUN
社会变迁,social change,NOUN
社会转型,social transformation,NOUN
社会改革,social reform,NOUN
社会革命,social revolution,NOUN
社会运动,social movement,NOUN
社会活动,social activity,NOUN
社会事件,social event,NOUN
社会新闻,social news,NOUN
社会评论,social commentary,NOUN
社会批评,social criticism,NOUN
社会建议,social suggestion,NOUN
社会倡议,social initiative,NOUN
社会呼吁,social appeal,NOUN
社会动员,social mobilization,NOUN
社会参与,social participation,NOUN
社会行动,social action,NOUN
社会实践,social practice,NOUN
社会实验,social experiment,NOUN
社会调查,social survey,NOUN
社会研究,social research,NOUN
社会分析,social analysis,NOUN
社会评估,social assessment,NOUN
社会监测,social monitoring,NOUN
社会预警,social early warning,NOUN
社会报告,social report,NOUN
社会统计,social statistics,NOUN
社会数据,social data,NOUN
社会信息,social information,NOUN
社会知识,social knowledge,NOUN
社会智慧,social wisdom,NOUN
社会经验,social experience,NOUN
社会教训,social lesson,NOUN
社会启示,social insight,NOUN
社会反思,social reflection,NOUN
社会觉悟,social awareness,NOUN
社会觉醒,social awakening,NOUN
社会启蒙,social enlightenment,NOUN
社会教育,social education,NOUN
社会宣传,social propaganda,NOUN
社会传播,social dissemination,NOUN
社会推广,social promotion,NOUN
社会普及,social popularization,NOUN
社会创新,social innovation,NOUN
社会创业,social entrepreneurship,NOUN
社会企业,social enterprise,NOUN
社会投资,social investment,NOUN
社会融资,social financing,NOUN
社会基金,social fund,NOUN
社会捐赠,social donation,NOUN
社会慈善,social charity,NOUN
社会公益,social public good,NOUN
社会志愿服务,social volunteering,NOUN
社会互助,social mutual aid,NOUN
社会救助,social relief,NOUN
社会扶贫,social poverty alleviation,NOUN
社会帮困,social assistance,NOUN
社会关爱,social care,NOUN
社会关怀,social concern,NOUN
社会温暖,social warmth,NOUN
社会冷漠,social apathy,NOUN
社会怀疑,social skepticism,NOUN
社会焦虑,social anxiety,NOUN
社会恐惧,social fear,NOUN
社会愤怒,social anger,NOUN
社会不满,social discontent,NOUN
社会怨恨,social resentment,NOUN
社会仇恨,social hatred,NOUN
社会暴力,social violence,NOUN
社会对抗,social confrontation,NOUN
社会对立,social opposition,NOUN
社会分裂,social division,NOUN
社会分化,social polarization,NOUN
社会融合,social integration,NOUN
社会团结,social solidarity,NOUN
社会凝聚,social cohesion,NOUN
社会协调,social coordination,NOUN
社会平衡,social balance,NOUN
社会安全,social security,NOUN
社会法治,social rule of law,NOUN
社会民主,social democracy,NOUN
社会自由,social freedom,NOUN
社会人权,social human rights,NOUN
社会尊严,social dignity,NOUN
社会尊重,social respect,NOUN
社会宽容,social tolerance,NOUN
社会理解,social understanding,NOUN
社会同理,social empathy,NOUN
社会支持,social support,NOUN
社会帮助,social help,NOUN
芯片,chip,NOUN
半导体,semiconductor,NOUN
处理器,processor,NOUN
内存,memory,NOUN
硬盘,hard drive,NOUN
主板,motherboard,NOUN
显卡,graphics card,NOUN
声卡,sound card,NOUN
网卡,network card,NOUN
电源,power supply,NOUN
散热器,heatsink,NOUN
机箱,case,NOUN
显示器,monitor,NOUN
耳机,headphone,NOUN
音箱,speaker,NOUN
摄像头,webcam,NOUN
打印机,printer,NOUN
扫描仪,scanner,NOUN
投影仪,projector,NOUN
路由器,router,NOUN
交换机,switch,NOUN
服务器,server,NOUN
客户端,client,NOUN
浏览器,browser,NOUN
操作系统,operating system,NOUN
数据库,database,NOUN
云计算,cloud computing,NOUN
物联网,IoT,NOUN
5G,5G,NOUN
6G,6G,NOUN
WiFi,WiFi,NOUN
蓝牙,Bluetooth,NOUN
二维码,QR code,NOUN
条形码,barcode,NOUN
电子支付,electronic payment,NOUN
移动支付,mobile payment,NOUN
数字货币,digital currency,NOUN
加密货币,cryptocurrency,NOUN
比特币,Bitcoin,NOUN
以太坊,Ethereum,NOUN
智能合约,smart contract,NOUN
去中心化,decentralization,NOUN
元宇宙,metaverse,NOUN
虚拟现实,VR,NOUN
增强现实,AR,NOUN
混合现实,MR,NOUN
扩展现实,XR,NOUN
3D打印,3D printing,NOUN
纳米技术,nanotechnology,NOUN
生物技术,biotechnology,NOUN
航天技术,space technology,NOUN
深海技术,deep sea technology,NOUN
极地技术,polar technology,NOUN
可再生能源,renewable energy,NOUN
清洁技术,clean technology,NOUN
绿色技术,green technology,NOUN
环保技术,environmental technology,NOUN
碳捕获,carbon capture,NOUN
碳封存,carbon storage,NOUN
碳交易,carbon trading,NOUN
碳税,carbon tax,NOUN
碳足迹,carbon footprint,NOUN
股市,stock market,NOUN
期货,futures,NOUN
期权,options,NOUN
白银,silver,NOUN
原油,crude oil,NOUN
铁,iron,NOUN
铝,aluminum,NOUN
锌,zinc,NOUN
镍,nickel,NOUN
锡,tin,NOUN
铅,lead,NOUN
汞,mercury,NOUN
稀土,rare earth,NOUN
钻石,diamond,NOUN
翡翠,jade,NOUN
珍珠,pearl,NOUN
琥珀,amber,NOUN
珊瑚,coral,NOUN
象牙,ivory,NOUN
犀角,rhino horn,NOUN
皮革,leather,NOUN
棉布,cotton,NOUN
麻布,linen,NOUN
羊毛,wool,NOUN
羊绒,cashmere,NOUN
化纤,synthetic fiber,NOUN
涤纶,polyester,NOUN
尼龙,nylon,NOUN
氨纶,spandex,NOUN
国画,Chinese painting,NOUN
油画,oil painting,NOUN
水彩,watercolor,NOUN
素描,sketch,NOUN
版画,printmaking,NOUN
雕塑,sculpture,NOUN
陶艺,ceramics,NOUN
剪纸,paper cutting,NOUN
刺绣,embroidery,NOUN
编织,weaving,NOUN
陶器,pottery,NOUN
瓷器,porcelain,NOUN
漆器,lacquerware,NOUN
青铜器,bronze ware,NOUN
玉器,jade ware,NOUN
文物,artifact,NOUN
遗产,heritage,NOUN
遗址,ruins,NOUN
古迹,historical site,NOUN
故宫,Forbidden City,NOUN
兵马俑,Terracotta Army,NOUN
敦煌,Dunhuang,NOUN
莫高窟,Mogao Caves,NOUN
龙门石窟,Longmen Grottoes,NOUN
云冈石窟,Yungang Grottoes,NOUN
乐山大佛,Leshan Buddha,NOUN
泰山,Mount Tai,NOUN
黄山,Mount Huang,NOUN
华山,Mount Hua,NOUN
峨眉山,Mount Emei,NOUN
九寨沟,Jiuzhaigou,NOUN
张家界,Zhangjiajie,NOUN
桂林,Guilin,NOUN
西湖,West Lake,NOUN
太湖,Taihu Lake,NOUN
鄱阳湖,Poyang Lake,NOUN
洞庭湖,Dongting Lake,NOUN
洪泽湖,Hongze Lake,NOUN
巢湖,Chao Lake,NOUN
青海湖,Qinghai Lake,NOUN
纳木错,Namtso,NOUN
羊卓雍错,Yamdrok Lake,NOUN
班公湖,Pangong Lake,NOUN
博斯腾湖,Bosten Lake,NOUN
黄河,Yellow River,NOUN
珠江,Pearl River,NOUN
黑龙江,Heilongjiang,NOUN
雅鲁藏布江,Yarlung Tsangpo,NOUN
澜沧江,Lancang River,NOUN
怒江,Nu River,NOUN
金沙江,Jinsha River,NOUN
嘉陵江,Jialing River,NOUN
汉江,Han River,NOUN
湘江,Xiang River,NOUN
赣江,Gan River,NOUN
闽江,Min River,NOUN
钱塘江,Qiantang River,NOUN
钢琴,piano,NOUN
小提琴,violin,NOUN
大提琴,cello,NOUN
贝斯,bass,NOUN
鼓,drum,NOUN
笛子,flute,NOUN
二胡,erhu,NOUN
古筝,guzheng,NOUN
琵琶,pipa,NOUN
古琴,guqin,NOUN
箫,xiao,NOUN
唢呐,suona,NOUN
笙,sheng,NOUN
编钟,bianzhong,NOUN
锣,gong,NOUN
钹,cymbal,NOUN
木鱼,wooden fish,NOUN
越剧,Yue opera,NOUN
黄梅戏,Huangmei opera,NOUN
豫剧,Yu opera,NOUN
评剧,Ping opera,NOUN
秦腔,Qinqiang,NOUN
川剧,Sichuan opera,NOUN
粤剧,Cantonese opera,NOUN
话剧,stage play,NOUN
音乐剧,musical,NOUN
歌剧,opera,NOUN
舞剧,dance drama,NOUN
芭蕾,ballet,NOUN
现代舞,modern dance,NOUN
街舞,street dance,NOUN
拉丁舞,Latin dance,NOUN
交谊舞,ballroom dance,NOUN
广场舞,square dance,NOUN
杂技,acrobatics,NOUN
魔术,magic,NOUN
马戏,circus,NOUN
木偶戏,puppet show,NOUN
皮影戏,shadow play,NOUN
相声,crosstalk,NOUN
小品,sketch,NOUN
脱口秀,talk show,NOUN
足球,football,NOUN
篮球,basketball,NOUN
高尔夫,golf,NOUN
台球,billiards,NOUN
保龄球,bowling,NOUN
棒球,baseball,NOUN
垒球,softball,NOUN
橄榄球,rugby,NOUN
曲棍球,hockey,NOUN
水球,water polo,NOUN
手球,handball,NOUN
摔跤,wrestling,NOUN
举重,weightlifting,NOUN
田径,track and field,NOUN
花样游泳,synchronized swimming,NOUN
马拉松,marathon,NOUN
铁人三项,triathlon,NOUN
现代五项,modern pentathlon,NOUN
擦拭,wipe,VERB
洗涤,wash,VERB
晾晒,dry in sun,VERB
熨烫,iron,VERB
缝补,mend,VERB
裁剪,cut,VERB
种植,plant,VERB
浇水,water,VERB
施肥,fertilize,VERB
修剪,prune,VERB
采摘,pick,VERB
捕鱼,fish,VERB
狩猎,hunt,VERB
饲养,raise,VERB
放牧,graze,VERB
挤奶,milk,VERB
剪毛,shear,VERB
屠宰,slaughter,VERB
腌制,pickle,VERB
晾干,air dry,VERB
烘干,bake dry,VERB
冷冻,freeze,VERB
解冻,thaw,VERB
加热,heat,VERB
煮沸,boil,VERB
蒸煮,steam,VERB
烘烤,bake,VERB
煎炒,stir fry,VERB
炖煮,stew,VERB
焖烧,braise,VERB
调味,season,VERB
打哈欠,yawn,VERB
打嗝,burp,VERB
放屁,fart,VERB
流眼泪,tear up,VERB
流汗,sweat,VERB
流血,bleed,VERB
流脓,fester,VERB
思路,train of thought,NOUN
果断,decisive,ADJ
动摇,wavering,ADJ
执着,persistent,ADJ
退让,yield,VERB
进取,forge ahead,VERB
拼搏,struggle,VERB
鲁莽,reckless,ADJ
温和,gentle,ADJ
暴躁,irritable,ADJ
镇定,composed,ADJ
从容,unruffled,ADJ
疲惫,exhausted,ADJ
萎靡,dejected,ADJ
振作,cheer up,VERB
颓废,decadent,ADJ
消极,negative,ADJ
内向,introverted,ADJ
孤僻,eccentric,ADJ
合群,sociable,ADJ
友善,friendly,ADJ
敌对,hostile,ADJ
冷漠,indifferent,ADJ
疏远,distant,ADJ
生疏,unfamiliar,ADJ
谴责,condemn,VERB
认可,endorse,VERB
排斥,exclude,VERB
包容,include,VERB
鄙视,despise,VERB
藐视,scorn,VERB
敬仰,admire,VERB
蔑视,contemn,VERB
爱戴,love and esteem,VERB
憎恨,hate,VERB
憎恶,abhor,VERB
铭记,engrave in mind,VERB
挥霍,squander,VERB
透支,overdraw,VERB
结余,surplus,NOUN
赤字,deficit,NOUN
盈利,profit,NOUN
收支,income and expense,NOUN
账目,account,NOUN
账单,bill,NOUN
凭单,voucher,NOUN
汇票,draft,NOUN
本票,promissory note,NOUN
信用证,letter of credit,NOUN
押金,deposit,NOUN
红利,dividend,NOUN
佣金,commission,NOUN
回扣,kickback,NOUN
小费,tip,NOUN
津贴,allowance,NOUN
补贴,subsidy,NOUN
补助,grant,NOUN
救济,relief,NOUN
慈善,charity,NOUN
捐赠,donation,NOUN
赞助,sponsorship,NOUN
集资,fundraising,NOUN
筹资,raise funds,NOUN
募捐,solicit donations,NOUN
众筹,crowdfunding,NOUN
众包,crowdsourcing,NOUN
外包,outsourcing,NOUN
内包,insourcing,NOUN
众创,mass innovation,NOUN
创客,maker,NOUN
极客,geek,NOUN
黑客,hacker,NOUN
创客空间,makerspace,NOUN
孵化器,incubator,NOUN
加速器,accelerator,NOUN
创业园,startup park,NOUN
科技园,science park,NOUN
产业园,industrial park,NOUN
开发区,development zone,NOUN
保税区,bonded zone,NOUN
自贸区,free trade zone,NOUN
特区,special zone,NOUN
新区,new district,NOUN
高新区,high-tech zone,NOUN
经济技术开发区,economic development zone,NOUN
杰出,distinguished,ADJ
平庸,mediocre,ADJ
低劣,inferior,ADJ
精良,fine,ADJ
粗糙,rough,ADJ
精致,delicate,ADJ
简陋,crude,ADJ
节俭,frugal,ADJ
昂贵,expensive,ADJ
廉价,cheap,ADJ
珍贵,precious,ADJ
稀有,rare,ADJ
常见,common,ADJ
普通,ordinary,ADJ
非典型,atypical,ADJ
非标,non-standard,ADJ
非正式,informal,ADJ
民间,folk,ADJ
前卫,avant-garde,ADJ
激进,radical,ADJ
稳健,steady,ADJ
脆弱,fragile,ADJ
柔软,soft,ADJ
敏捷,agile,ADJ
迟缓,sluggish,ADJ
缓慢,slow,ADJ
高效,efficient,ADJ
低效,inefficient,ADJ
精准,precise,ADJ
清晰,clear,ADJ
混乱,chaotic,ADJ
有序,orderly,ADJ
无序,disorderly,ADJ
零散,scattered,ADJ
残缺,incomplete,ADJ
偏颇,biased,ADJ
偏袒,partial,ADJ
失衡,imbalanced,ADJ
融合,integrated,ADJ
连接,connected,ADJ
断开,disconnected,ADJ
无关,irrelevant,ADJ
迥异,different,ADJ
同等,equal,ADJ
不等,unequal,ADJ
不对称,asymmetrical,ADJ
不均,uneven,ADJ
不稳定,unstable,ADJ
流动,mobile,ADJ
静态,static,ADJ
被动,passive,ADJ
正面,positive,ADJ
负面,negative,ADJ
建设性,constructive,ADJ
破坏性,destructive,ADJ
创造性,creative,ADJ
模仿性,imitative,ADJ
创新性,innovative,ADJ
保守性,conservative,ADJ
进步性,progressive,ADJ
退步性,regressive,ADJ
革命性,revolutionary,ADJ
改良型,reformist,ADJ
颠覆性,disruptive,ADJ
渐进性,incremental,ADJ
突破性,breakthrough,ADJ
渐进式,gradual,ADJ
跳跃式,leapfrog,ADJ
渐进,progressive,ADJ
飞跃,leap,NOUN
应对,cope with,VERB
 confronting,confront,VERB
山川,mountains and rivers,NOUN
半岛,peninsula,NOUN
海峡,strait,NOUN
海湾,gulf,NOUN
海港,seaport,NOUN
船坞,shipyard,NOUN
灯塔,lighthouse,NOUN
航标,beacon,NOUN
锚地,anchorage,NOUN
泊位,berth,NOUN
船闸,lock,NOUN
水坝,dam,NOUN
水闸,sluice,NOUN
水渠,aqueduct,NOUN
水井,well,NOUN
泉水,spring water,NOUN
矿泉,mineral spring,NOUN
温泉,hot spring,NOUN
江河,river,NOUN
沼泽,swamp,NOUN
戈壁,gobi,NOUN
荒原,wasteland,NOUN
牧场,pasture,NOUN
林地,woodland,NOUN
密林,dense forest,NOUN
疏林,sparse forest,NOUN
竹林,bamboo forest,NOUN
松林,pine forest,NOUN
杉林,fir forest,NOUN
果园,orchard,NOUN
茶园,tea garden,NOUN
葡萄园,vineyard,NOUN
菜园,vegetable garden,NOUN
苗圃,nursery,NOUN
花圃,flower nursery,NOUN
温室,greenhouse,NOUN
大棚,polytunnel,NOUN
田地,field,NOUN
农田,farmland,NOUN
耕地,arable land,NOUN
荒地,wasteland,NOUN
空地,vacant lot,NOUN
工地,construction site,NOUN
场地,venue,NOUN
运动场,sports field,NOUN
体育场,stadium,NOUN
游泳馆,natatorium,NOUN
溜冰场,ice rink,NOUN
滑雪场,ski resort,NOUN
高尔夫球场,golf course,NOUN
赛马场,racetrack,NOUN
赛车场,racetrack,NOUN
射击场,shooting range,NOUN
训练场,training ground,NOUN
演习场,drill ground,NOUN
试验场,testing ground,NOUN
实验场,experimental site,NOUN
实习场,practice site,NOUN
考勤,attendance,NOUN
考核,assessment,NOUN
考查,investigate,VERB
考察,inspect,VERB
测试,test,NOUN
检测,detect,VERB
检验,inspect,VERB
验证,verify,VERB
认证,certify,VERB
鉴证,notarize,VERB
举证,provide evidence,VERB
取证,collect evidence,VERB
采证,gather evidence,VERB
查证,verify,VERB
落实,implement,VERB
证实,confirm,VERB
证伪,falsify,VERB
申报,declare,VERB
备案,file,VERB
记载,document,VERB
案卷,case file,NOUN
卷宗,file,NOUN
档案室,archive room,NOUN
资料室,reference room,NOUN
阅览室,reading room,NOUN
会议室,meeting room,NOUN
接待室,reception room,NOUN
休息室,lounge,NOUN
候诊室,waiting room,NOUN
候机室,departure lounge,NOUN
候车室,waiting hall,NOUN
贵宾室,VIP room,NOUN
更衣室,locker room,NOUN
衣帽间,cloakroom,NOUN
储藏室,storage room,NOUN
杂物间,utility room,NOUN
工具间,tool room,NOUN
配电室,switch room,NOUN
控制室,control room,NOUN
监控室,monitoring room,NOUN
操作室,operation room,NOUN
调度室,dispatch room,NOUN
指挥室,command room,NOUN
作战室,war room,NOUN
情报室,intelligence room,NOUN
参谋室,staff room,NOUN
作战参谋,combat staff,NOUN
参谋长,chief of staff,NOUN
总参谋长,chief of general staff,NOUN
司令员,commander,NOUN
总司令,commander-in-chief,NOUN
元帅,marshal,NOUN
中校,lieutenant colonel,NOUN
少尉,second lieutenant,NOUN
上士,staff sergeant,NOUN
下士,corporal,NOUN
新兵,recruit,NOUN
老兵,veteran,NOUN
战友,comrade in arms,NOUN
烈士,martyr,NOUN
模范,model,NOUN
榜样,example,NOUN
典范,paradigm,NOUN
楷模,exemplar,NOUN
标兵,pace-setter,NOUN
先锋,vanguard,NOUN
先遣,advance guard,NOUN
前哨,outpost,NOUN
哨所,sentry post,NOUN
岗哨,sentry,NOUN
哨兵,sentry,NOUN
卫兵,guard,NOUN
警卫,guard,NOUN
保镖,bodyguard,NOUN
门卫,doorman,NOUN
门房,porter,NOUN
前台,reception,NOUN
迎宾,welcome,NOUN
导览,guide,NOUN
领队,team leader,NOUN
组长,group leader,NOUN
班长,class monitor,NOUN
课长,section chief,NOUN
部长,minister,NOUN
司长,department director,NOUN
厅长,department head,NOUN
省长,governor,NOUN
县长,county magistrate,NOUN
区长,district head,NOUN
镇长,town mayor,NOUN
乡长,township head,NOUN
村长,village head,NOUN
里长,neighborhood head,NOUN
春季,spring season,NOUN
夏季,summer season,NOUN
秋季,autumn season,NOUN
冬季,winter season,NOUN
月份,month,NOUN
周次,week number,NOUN
千年,millennium,NOUN
万年,ten thousand years,NOUN
初期,initial stage,NOUN
中期,middle stage,NOUN
末期,final stage,NOUN
早期,early stage,NOUN
晚期,late stage,NOUN
前期,early phase,NOUN
前夕,eve,NOUN
黎明,dawn,NOUN
拂晓,daybreak,NOUN
清晨,early morning,NOUN
早晨,morning,NOUN
黄昏,dusk,NOUN
日落,sunset,NOUN
日暮,sundown,NOUN
深夜,late night,NOUN
子夜,midnight,NOUN
通宵,all night,NOUN
彻夜,all night,NOUN
整夜,whole night,NOUN
连夜,overnight,NOUN
趁夜,by night,NOUN
昼夜,day and night,NOUN
白昼,daytime,NOUN
白天,daytime,NOUN
整天,all day,NOUN
整日,all day long,NOUN
终日,all day long,NOUN
每日,daily,NOUN
日日,day by day,NOUN
日复一日,day after day,NOUN
年复一年,year after year,NOUN
逐年,year by year,NOUN
按年,annually,NOUN
按月,monthly,NOUN
按周,weekly,NOUN
按日,daily,NOUN
按天,daily,NOUN
按小时,hourly,NOUN
适时,at the right time,ADJ
合时,well-timed,ADJ
过时,outdated,ADJ
届时,at the appointed time,NOUN
暂定,tentative,ADJ
暂缓,postpone,VERB
暂停,pause,VERB
截止,deadline,NOUN
到期,expire,VERB
逾期,overdue,ADJ
展期,extension,NOUN
顺延,postpone,VERB
延后,put off,VERB
预先,beforehand,NOUN
提早,early,ADJ
赶早,early,ADJ
趁早,as early as possible,NOUN
迟早,sooner or later,NOUN
早晚,sooner or later,NOUN
终将,eventually,NOUN
终归,eventually,NOUN
终究,after all,NOUN
欣慰,gratified,ADJ
宽慰,comforted,ADJ
慰藉,solace,NOUN
宽心,relief,NOUN
忧虑,anxious,ADJ
焦急,anxious,ADJ
烦躁,irritable,ADJ
易怒,short-tempered,ADJ
恼怒,annoyed,ADJ
愤慨,indignant,ADJ
义愤,righteous anger,NOUN
悲愤,grief and anger,NOUN
气愤,indignant,ADJ
愤懑,resentful,ADJ
怨恨,resentment,NOUN
抵触,resistance,NOUN
抗拒,resist,VERB
抵制,boycott,VERB
示威,demonstrate,VERB
游行,parade,NOUN
集会,assembly,NOUN
派对,party,NOUN
酒会,reception,NOUN
茶话会,tea party,NOUN
座谈会,symposium,NOUN
研讨会,seminar,NOUN
报告会,report meeting,NOUN
交流会,exchange meeting,NOUN
洽谈会,trade fair,NOUN
展销会,trade fair,NOUN
展览会,exhibition,NOUN
拍卖会,auction,NOUN
竞标会,bidding,NOUN
招标会,tender,NOUN
开标会,bid opening,NOUN
评标会,bid evaluation,NOUN
定标会,award meeting,NOUN
签约仪式,signing ceremony,NOUN
开幕仪式,opening ceremony,NOUN
闭幕仪式,closing ceremony,NOUN
颁奖典礼,award ceremony,NOUN
启动仪式,launch ceremony,NOUN
奠基仪式,groundbreaking,NOUN
竣工仪式,completion ceremony,NOUN
落成典礼,inauguration,NOUN
揭幕仪式,unveiling ceremony,NOUN
剪彩仪式,ribbon-cutting,NOUN
捐赠仪式,donation ceremony,NOUN
交接仪式,handover ceremony,NOUN
退役仪式,decommissioning,NOUN
退伍仪式,discharge ceremony,NOUN
入伍仪式,enlistment ceremony,NOUN
授勋仪式,medal ceremony,NOUN
授衔仪式,rank ceremony,NOUN
晋升仪式,promotion ceremony,NOUN
加冕仪式,coronation,NOUN
登基仪式,enthronement,NOUN
即位仪式,accession,NOUN
退位仪式,abdication,NOUN
葬礼,funeral,NOUN
纪念日,anniversary,NOUN
假日,holiday,NOUN
年假,annual leave,NOUN
病假,sick leave,NOUN
事假,personal leave,NOUN
婚假,marriage leave,NOUN
产假,maternity leave,NOUN
陪产假,paternity leave,NOUN
丧假,bereavement leave,NOUN
调休,compensatory leave,NOUN
补休,makeup leave,NOUN
轮休,rotating leave,NOUN
当班,on shift,NOUN
加点,extra hours,NOUN
轮班,shift work,NOUN
倒班,shift change,NOUN
换班,shift swap,NOUN
替班,cover a shift,VERB
顶班,fill in,VERB
代班,substitute,VERB
衣柜,wardrobe,NOUN
书桌,desk,NOUN
餐桌,dining table,NOUN
茶几,coffee table,NOUN
床头柜,nightstand,NOUN
梳妆台,dressing table,NOUN
鞋柜,shoe cabinet,NOUN
橱柜,cupboard,NOUN
碗柜,cupboard,NOUN
衣帽架,coat rack,NOUN
伞架,umbrella stand,NOUN
花瓶,vase,NOUN
相框,photo frame,NOUN
挂钟,wall clock,NOUN
闹钟,alarm clock,NOUN
怀表,pocket watch,NOUN
秒表,stopwatch,NOUN
台灯,desk lamp,NOUN
落地灯,floor lamp,NOUN
壁灯,wall lamp,NOUN
吊灯,chandelier,NOUN
吸顶灯,ceiling light,NOUN
射灯,spotlight,NOUN
筒灯,downlight,NOUN
灯带,light strip,NOUN
灯泡,lightbulb,NOUN
灯管,fluorescent tube,NOUN
灯丝,filament,NOUN
灯罩,lampshade,NOUN
开关,switch,NOUN
插座,socket,NOUN
插头,plug,NOUN
电线,wire,NOUN
电缆,cable,NOUN
光缆,fiber optic cable,NOUN
网线,network cable,NOUN
电话线,phone line,NOUN
收音机,radio,NOUN
音响,stereo,NOUN
功放,amplifier,NOUN
话筒,microphone,NOUN
扩音器,megaphone,NOUN
电铃,doorbell,NOUN
门铃,doorbell,NOUN
门锁,door lock,NOUN
门把手,door handle,NOUN
门链,door chain,NOUN
门镜,peephole,NOUN
百叶窗,blinds,NOUN
卷帘,roller blind,NOUN
纱窗,screen window,NOUN
窗玻璃,window glass,NOUN
窗框,window frame,NOUN
窗台,windowsill,NOUN
窗帘杆,curtain rod,NOUN
地垫,floor mat,NOUN
门垫,doormat,NOUN
浴垫,bath mat,NOUN
浴巾,bath towel,NOUN
面巾,face towel,NOUN
手帕,handkerchief,NOUN
纸巾,tissue,NOUN
湿巾,wet wipe,NOUN
餐巾,napkin,NOUN
餐巾纸,paper napkin,NOUN
卫生纸,toilet paper,NOUN
卫生巾,sanitary pad,NOUN
尿布,diaper,NOUN
纸尿裤,disposable diaper,NOUN
奶瓶,baby bottle,NOUN
奶嘴,pacifier,NOUN
积木,building blocks,NOUN
拼图,puzzle,NOUN
玩偶,doll,NOUN
毛绒玩具,plush toy,NOUN
遥控车,RC car,NOUN
模型,model,NOUN
手办,figure,NOUN
乐器,instrument,NOUN
唱机,record player,NOUN
U盘,USB drive,NOUN
固态硬盘,SSD,NOUN
移动硬盘,external drive,NOUN
影碟,video disc,NOUN
胶卷,film roll,NOUN
相册,photo album,NOUN
记事本,memo pad,NOUN
便签,sticky note,NOUN
信纸,letter paper,NOUN
邮票,stamp,NOUN
邮戳,postmark,NOUN
邮筒,mailbox,NOUN
快递,express delivery,NOUN
寄件,send mail,NOUN
收件,receive mail,NOUN
签收,sign for,VERB
退回,return,VERB
退货,return goods,NOUN
换货,exchange,NOUN
退款,refund,NOUN
报销,reimburse,VERB
报账,file expense,VERB
买单,pay bill,VERB
找零,give change,VERB
纸币,banknote,NOUN
钞票,banknote,NOUN
外币,foreign currency,NOUN
本币,domestic currency,NOUN
换汇,exchange currency,VERB
结汇,settle exchange,VERB
售汇,sell exchange,VERB
购汇,buy exchange,VERB
付汇,remit exchange,VERB
收汇,receive exchange,VERB
晴天,sunny day,NOUN
阴天,cloudy day,NOUN
雨天,rainy day,NOUN
雪天,snowy day,NOUN
风天,windy day,NOUN
雾天,foggy day,NOUN
暴风雨,storm,NOUN
雷阵雨,thundershower,NOUN
毛毛雨,drizzle,NOUN
大雨,heavy rain,NOUN
小雨,light rain,NOUN
中雨,moderate rain,NOUN
暴雨,rainstorm,NOUN
阵雨,shower,NOUN
冻雨,freezing rain,NOUN
雪花,snowflake,NOUN
大雪,heavy snow,NOUN
小雪,light snow,NOUN
中雪,moderate snow,NOUN
暴雪,blizzard,NOUN
雨夹雪,sleet,NOUN
大雾,heavy fog,NOUN
薄雾,mist,NOUN
浓雾,thick fog,NOUN
沙尘,sand and dust,NOUN
扬沙,blowing sand,NOUN
浮尘,floating dust,NOUN
气旋,cyclone,NOUN
反气旋,anticyclone,NOUN
低气压,low pressure,NOUN
高气压,high pressure,NOUN
气压,air pressure,NOUN
气温,temperature,NOUN
湿度,humidity,NOUN
风向,wind direction,NOUN
风力,wind force,NOUN
风速,wind speed,NOUN
降水量,precipitation,NOUN
能见度,visibility,NOUN
紫外线,UV,NOUN
日出,sunrise,NOUN
月相,moon phase,NOUN
涨潮,high tide,NOUN
退潮,low tide,NOUN
风暴潮,storm surge,NOUN
寒潮,cold wave,NOUN
热浪,heat wave,NOUN
倒春寒,late spring cold,NOUN
秋老虎,autumn heat,NOUN
梅雨,plum rain,NOUN
回南天,return south weather,NOUN
公交车,bus,NOUN
长途车,coach,NOUN
大巴,bus,NOUN
中巴,minibus,NOUN
面包车,van,NOUN
货车,truck,NOUN
皮卡,pickup,NOUN
轿车,car,NOUN
跑车,sports car,NOUN
越野车,SUV,NOUN
房车,motorhome,NOUN
网约车,ride-hailing,NOUN
专车,private car,NOUN
快车,express car,NOUN
顺风车,carpool,NOUN
拼车,carpool,NOUN
代驾,designated driver,NOUN
自驾,self-drive,VERB
租车,car rental,NOUN
还车,return car,VERB
取车,pick up car,VERB
送车,deliver car,VERB
停车位,parking space,NOUN
地下车库,underground garage,NOUN
立体车库,multi-level garage,NOUN
路边停车,street parking,NOUN
禁停区,no parking zone,NOUN
限行,traffic restriction,NOUN
限号,license plate limit,NOUN
单行道,one-way street,NOUN
双行道,two-way street,NOUN
国道,national road,NOUN
省道,provincial road,NOUN
县道,county road,NOUN
乡道,township road,NOUN
村道,village road,NOUN
匝道,ramp,NOUN
辅路,service road,NOUN
主路,main road,NOUN
支路,branch road,NOUN
环岛,roundabout,NOUN
十字路口,intersection,NOUN
丁字路口,T-junction,NOUN
斑马线,crosswalk,NOUN
人行道,sidewalk,NOUN
自行车道,bike lane,NOUN
盲道,tactile paving,NOUN
天桥,pedestrian bridge,NOUN
地下通道,underpass,NOUN
过街隧道,pedestrian tunnel,NOUN
红绿灯,traffic light,NOUN
路标,road sign,NOUN
指示牌,direction sign,NOUN
警示牌,warning sign,NOUN
禁令牌,prohibition sign,NOUN
限速牌,speed limit sign,NOUN
测速,speed check,NOUN
超速,speeding,NOUN
违章,violation,NOUN
扣分,deduct points,VERB
吊销,revoke,VERB
驾照,driver's license,NOUN
行驶证,vehicle registration,NOUN
车牌,license plate,NOUN
车险,car insurance,NOUN
年检,annual inspection,NOUN
维修,repair,NOUN
洗车,car wash,NOUN
充电,charge,VERB
换胎,change tire,VERB
补胎,patch tire,VERB
充气,inflate,VERB
打气,pump air,VERB
爆胎,blowout,NOUN
漏气,leak air,NOUN
胎压,tire pressure,NOUN
胎纹,tire tread,NOUN
备胎,spare tire,NOUN
轮毂,hub,NOUN
马达,motor,NOUN
变速箱,gearbox,NOUN
离合器,clutch,NOUN
手刹,handbrake,NOUN
油门,accelerator,NOUN
方向盘,steering wheel,NOUN
后视镜,rearview mirror,NOUN
雨刷,wiper,NOUN
车灯,headlight,NOUN
大灯,headlight,NOUN
尾灯,taillight,NOUN
雾灯,fog light,NOUN
转向灯,turn signal,NOUN
双闪,hazard light,NOUN
倒车灯,backup light,NOUN
仪表盘,dashboard,NOUN
里程表,odometer,NOUN
转速表,tachometer,NOUN
油表,fuel gauge,NOUN
温度表,temperature gauge,NOUN
小学,elementary school,NOUN
初中,middle school,NOUN
高中,high school,NOUN
研究生院,graduate school,NOUN
职业学院,vocational college,NOUN
技术学校,technical school,NOUN
师范学校,normal school,NOUN
美术学校,art school,NOUN
音乐学校,music school,NOUN
舞蹈学校,dance school,NOUN
体育学校,sports school,NOUN
外语学校,foreign language school,NOUN
国际学校,international school,NOUN
私立学校,private school,NOUN
公立学校,public school,NOUN
寄宿学校,boarding school,NOUN
走读学校,day school,NOUN
夜校,night school,NOUN
函授,correspondence course,NOUN
电大,TV university,NOUN
网课,online class,NOUN
直播课,live class,NOUN
录播课,recorded class,NOUN
公开课,open class,NOUN
必修课,required course,NOUN
选修课,elective course,NOUN
专业课,major course,NOUN
公共课,general course,NOUN
基础课,foundation course,NOUN
核心课,core course,NOUN
先修课,prerequisite,NOUN
辅修课,minor course,NOUN
主修,major,NOUN
双学位,double degree,NOUN
本科学位,bachelor's degree,NOUN
硕士学位,master's degree,NOUN
博士学位,doctoral degree,NOUN
博士后,postdoc,NOUN
交流生,exchange student,NOUN
入学,enroll,VERB
退学,drop out,VERB
转学,transfer,VERB
休学,take leave,VERB
复学,resume studies,VERB
留级,repeat a year,VERB
跳级,skip a grade,VERB
保送,recommend,VERB
自荐,self-recommend,NOUN
他荐,other-recommend,NOUN
推免,exempt from exam,NOUN
统考,unified exam,NOUN
联考,joint exam,NOUN
会考,graduation exam,NOUN
高考,college entrance exam,NOUN
中考,high school entrance exam,NOUN
期末考,final exam,NOUN
期中考,midterm exam,NOUN
月考,monthly exam,NOUN
周测,weekly test,NOUN
模拟考,mock exam,NOUN
真题,past papers,NOUN
模拟题,mock questions,NOUN
练习题,practice questions,NOUN
课后题,homework,NOUN
课后作业,homework,NOUN
课堂作业,classwork,NOUN
小组作业,group work,NOUN
个人作业,individual work,NOUN
项目作业,project work,NOUN
毕业论文,graduation thesis,NOUN
学位论文,dissertation,NOUN
期刊论文,journal paper,NOUN
会议论文,conference paper,NOUN
项目报告,project report,NOUN
环境报告,environmental report,NOUN
安全报告,safety report,NOUN
进度报告,progress report,NOUN
陈述,statement,NOUN
阐述,expound,NOUN
论述,discourse,NOUN
论证,argumentation,NOUN
辩驳,refute,NOUN
质疑,question,VERB
答疑,answer questions,NOUN
解惑,resolve doubts,VERB
释疑,clarify,VERB
释怀,let go,VERB
开导,guide,VERB
劝导,persuade,VERB
诱导,induce,VERB
误导,mislead,VERB
教导,instruct,VERB
补习,cramming,NOUN
进修,further study,NOUN
深造,advanced study,NOUN
游学,study tour,NOUN
互访,mutual visit,NOUN
拜访,call on,NOUN
回访,return visit,NOUN
造访,visit,NOUN
探访,visit,NOUN
探望,visit,VERB
看望,visit,VERB
致意,greet,NOUN
致敬,pay tribute,NOUN
致谢,thank,NOUN
致歉,apologize,NOUN
致哀,condole,NOUN
致贺,congratulate,NOUN
道贺,congratulate,VERB
贺喜,congratulate,VERB
道喜,congratulate,VERB
庆贺,congratulate,VERB
欢庆,jubilant,ADJ
欢聚,gather happily,NOUN
欢送,send off,NOUN
接风,welcome,NOUN
践行,farewell,NOUN
饯行,farewell dinner,NOUN
送别,see off,VERB
辞行,take leave,VERB
辞别,take leave,VERB
诀别,part forever,NOUN
永别,part forever,NOUN
推论,inference,NOUN
演绎,deduce,VERB
推理,reasoning,NOUN
辨认,recognize,VERB
认出,recognize,VERB
优化,optimize,VERB
替代,substitute,VERB
取代,replace,VERB
购买,purchase,VERB
推销,promote,VERB
普及,popularize,VERB
传输,transmit,VERB
输送,transport,VERB
运送,deliver,VERB
投递,deliver,VERB
派送,deliver,VERB
寄送,mail,VERB
邮寄,mail,VERB
发货,ship,VERB
收货,receive,VERB
验货,inspect goods,VERB
补货,restock,VERB
进货,stock up,VERB
出货,ship out,VERB
库存,inventory,NOUN
存货,stock,NOUN
现货,in stock,ADJ
定金,deposit,NOUN
全款,full payment,NOUN
分期,installment,NOUN
按揭,mortgage,NOUN
还款,repay,VERB
通货,currency,NOUN
货币,currency,NOUN
汇款,remittance,NOUN
转账,transfer,NOUN
存款,deposit,NOUN
取款,withdraw,VERB
开户,open account,VERB
销户,close account,VERB
挂失,report loss,VERB
补办,reissue,VERB
更改,change,VERB
变更,change,VERB
变换,transform,VERB
转让,transfer,VERB
移交,hand over,VERB
交接,handover,NOUN
接收,receive,VERB
验收,accept,VERB
指派,assign,VERB
指定,designate,VERB
解聘,dismiss,VERB
辞退,fire,VERB
辞呈,resignation,NOUN
卸任,leave office,VERB
离任,leave office,VERB
连任,re-elect,NOUN
章程,charter,NOUN
条例,regulation,NOUN
法案,bill,NOUN
法令,decree,NOUN
政令,order,NOUN
指令,directive,NOUN
指示,instruction,NOUN
批示,instruction,NOUN
约定,agree,VERB
商定,agree,VERB
洽谈,negotiate,VERB
会谈,talks,NOUN
相聚,gather,VERB
聚集,gather,VERB
阻挠,obstruct,VERB
障碍,obstacle,NOUN
逆境,adversity,NOUN
顺境,favorable,NOUN
机遇,opportunity,NOUN
时机,timing,NOUN
情境,situation,NOUN
路径,path,NOUN
路线,route,NOUN
缘由,reason,NOUN
根基,foundation,NOUN
要点,key point,NOUN
焦点,focus,NOUN
中部,middle part,NOUN
外部,exterior,NOUN
上部,upper part,NOUN
下部,lower part,NOUN
前部,front part,NOUN
后部,rear part,NOUN
左侧,left side,NOUN
右侧,right side,NOUN
内侧,inner side,NOUN
外侧,outer side,NOUN
左面,left,NOUN
右面,right,NOUN
里面,inside,NOUN
四周,surroundings,NOUN
边界,border,NOUN
视角,perspective,NOUN
见解,insight,NOUN
提议,proposal,NOUN
推崇,esteem,VERB
赞赏,appreciate,VERB
钦佩,admire,VERB
敬佩,respect,VERB
迷信,superstition,NOUN
信条,creed,NOUN
教条,dogma,NOUN
信义,good faith,NOUN
诚信,integrity,NOUN
信用,credit,NOUN
凭借,by means of,NOUN
依照,in accordance,NOUN
遵照,comply with,VERB
遵循,follow,VERB
顺从,submit to,VERB
听从,listen to,VERB
依从,comply with,VERB
遵从,follow,VERB
遵命,obey orders,VERB
奉命,by order,NOUN
受命,receive orders,VERB
领命,accept orders,VERB
复命,report back,VERB
交差,report completion,VERB
交汇,converge,VERB
交集,intersection,NOUN
交界,border,NOUN
交替,alternate,VERB
更替,replace,VERB
更换,replace,VERB
代换,substitute,VERB
换代,generation change,NOUN
更新换代,renewal,NOUN
推陈出新,innovate,VERB
破旧立新,destroy old establish new,VERB
除旧布新,remove old install new,VERB
革故鼎新,reform,VERB
温故知新,review old to know new,VERB
承前启后,inherit past inspire future,VERB
继往开来,carry forward,VERB
承上启下,connect above and below,VERB
前赴后继,advance wave upon wave,VERB
前仆后继,fall and rise,VERB
薪火相传,pass on,VERB
代代相传,pass down generations,VERB
世世代代,generations,NOUN
绸缎,silk,NOUN
绫罗,silk,NOUN
锦绣,brocade,NOUN
纺织,textile,NOUN
缝纫,sewing,NOUN
裁缝,tailor,NOUN
洗熨,wash and iron,NOUN
干洗,dry clean,NOUN
水洗,wash,NOUN
手洗,hand wash,NOUN
机洗,machine wash,NOUN
免烫,non-iron,ADJ
防皱,wrinkle-free,ADJ
防水,waterproof,ADJ
防风,windproof,ADJ
防晒,sunproof,ADJ
防尘,dustproof,ADJ
防潮,moistureproof,ADJ
防霉,moldproof,ADJ
防腐,antiseptic,ADJ
防锈,rustproof,ADJ
防滑,non-slip,ADJ
防震,shockproof,ADJ
防爆,explosion-proof,ADJ
防火,fireproof,ADJ
防静电,anti-static,ADJ
防辐射,radiation-proof,ADJ
防紫外线,UV-proof,ADJ
防蚊,mosquito-proof,ADJ
防虫,insect-proof,ADJ
防鼠,rat-proof,ADJ
防腐剂,preservative,NOUN
防冻剂,antifreeze,NOUN
防锈剂,rust inhibitor,NOUN
阻燃剂,flame retardant,NOUN
干燥剂,desiccant,NOUN
清洁剂,cleaner,NOUN
消毒剂,disinfectant,NOUN
杀菌剂,bactericide,NOUN
除草剂,herbicide,NOUN
杀虫剂,insecticide,NOUN
农药,pesticide,NOUN
有机肥,organic fertilizer,NOUN
复合肥,compound fertilizer,NOUN
叶面肥,foliar fertilizer,NOUN
基肥,base fertilizer,NOUN
追肥,top dressing,NOUN
播种,sow,VERB
育苗,grow seedlings,VERB
移栽,transplant,VERB
定植,plant out,VERB
嫁接,graft,VERB
扦插,cutting,NOUN
压条,layering,NOUN
分株,divide,NOUN
杂交,crossbreed,NOUN
育种,breeding,NOUN
选种,seed selection,NOUN
留种,save seeds,VERB
采种,collect seeds,VERB
收割,harvest,NOUN
脱粒,threshing,NOUN
碾磨,milling,NOUN
筛选,screening,NOUN
分级,grading,NOUN
批发,wholesale,NOUN
零售,retail,NOUN
直销,direct sales,NOUN
代销,consignment,NOUN
经销,distribution,NOUN
经纪,broker,NOUN
拍卖,auction,NOUN
竞标,bidding,NOUN
招标,tendering,NOUN
投标,submit bid,VERB
中标,win bid,VERB
落标,lose bid,VERB
评标,evaluate bid,VERB
定标,award,NOUN
开标,open bid,NOUN
废标,cancel bid,VERB
流标,fail bid,NOUN
围标,bid rigging,NOUN
串标,collusion,NOUN
假标,fake bid,NOUN
中标价,winning price,NOUN
底价,reserve price,NOUN
报价,quotation,NOUN
估价,appraisal,NOUN
估值,valuation,NOUN
评级,rating,NOUN
排名,ranking,NOUN
排位,position,NOUN
等级,grade,NOUN
级别,level,NOUN
档位,tier,NOUN
档次,grade,NOUN
品位,grade,NOUN
品味,taste,NOUN
品格,character,NOUN
品性,nature,NOUN
品类,category,NOUN
品牌,brand,NOUN
标识,logo,NOUN
标记,mark,NOUN
标签,label,NOUN
贴标,labeling,NOUN
吊牌,hang tag,NOUN
铭牌,nameplate,NOUN
门牌,house number,NOUN
号牌,number plate,NOUN
胸牌,badge,NOUN
工牌,employee badge,NOUN
校牌,school badge,NOUN
勋章,medal,NOUN
奖章,medal,NOUN
奖牌,medal,NOUN
奖杯,trophy,NOUN
奖状,certificate,NOUN
凭证,voucher,NOUN
凭据,evidence,NOUN
证物,exhibit,NOUN
证言,testimony,NOUN
笔供,written confession,NOUN
书证,documentary evidence,NOUN
物证,physical evidence,NOUN
人证,witness,NOUN
见证,witness,NOUN
目击,eyewitness,NOUN
亲历,personally experience,VERB
亲见,personally see,VERB
亲闻,personally hear,VERB
阅历,experience,NOUN
资历,qualifications,NOUN
履历,resume,NOUN
自传,autobiography,NOUN
回忆录,memoir,NOUN
日志,log,NOUN
博客,blog,NOUN
微博,microblog,NOUN
帖子,post,NOUN
评论,comment,NOUN
留言,message,NOUN
私信,direct message,NOUN
群聊,group chat,NOUN
单聊,private chat,NOUN
语音,voice,NOUN
视频,video,NOUN
直播,livestream,NOUN
录播,recorded broadcast,NOUN
点播,on demand,NOUN
回放,playback,NOUN
回看,rewatch,VERB
快进,fast forward,VERB
快退,rewind,VERB
播放,play,VERB
录制,record,VERB
拍摄,shoot,VERB
照相,photograph,VERB
自拍,selfie,NOUN
证件照,ID photo,NOUN
生活照,life photo,NOUN
艺术照,art photo,NOUN
婚纱照,wedding photo,NOUN
毕业照,graduation photo,NOUN
全家福,family portrait,NOUN
风景照,landscape photo,NOUN
建筑照,architecture photo,NOUN
夜景,night view,NOUN
月色,moonlight,NOUN
星空,starry sky,NOUN
银河,galaxy,NOUN
北极星,North Star,NOUN
北斗七星,Big Dipper,NOUN
星座,constellation,NOUN
黄道,zodiac,NOUN
生肖,zodiac animal,NOUN
属相,zodiac sign,NOUN
八字,eight characters,NOUN
算命,fortune telling,NOUN
占卜,divination,NOUN
风水,feng shui,NOUN
相术,physiognomy,NOUN
面相,face reading,NOUN
手相,palm reading,NOUN
测字,character divination,NOUN
解梦,dream interpretation,NOUN
圆梦,interpret dream,VERB
托梦,dream message,NOUN
美梦,sweet dream,NOUN
梦幻,dreamlike,ADJ
格言,maxim,NOUN
箴言,proverb,NOUN
谚语,proverb,NOUN
俗语,saying,NOUN
典故,allusion,NOUN
童话,fairy tale,NOUN
散文,prose,NOUN
诗歌,poetry,NOUN
歌词,lyrics,NOUN
台词,lines,NOUN
标题,title,NOUN
书名,book title,NOUN
篇名,article title,NOUN
章名,chapter title,NOUN
节名,section title,NOUN
卷名,volume title,NOUN
集名,episode title,NOUN
栏目,column,NOUN
专栏,special column,NOUN
专辑,album,NOUN
选集,anthology,NOUN
全集,complete works,NOUN
文集,collection,NOUN
诗集,poetry collection,NOUN
画集,art collection,NOUN
影集,photo album,NOUN
特刊,special issue,NOUN
增刊,supplement,NOUN
副刊,supplement,NOUN
周刊,weekly,NOUN
月刊,monthly,NOUN
季刊,quarterly,NOUN
年刊,annual,NOUN
日报,daily,NOUN
晚报,evening paper,NOUN
晨报,morning paper,NOUN
周报,weekly paper,NOUN
月报,monthly report,NOUN
年报,annual report,NOUN
季报,quarterly report,NOUN
快报,bulletin,NOUN
简报,briefing,NOUN
预警,early warning,NOUN
警报,alarm,NOUN
空袭,air raid,NOUN
防空,air defense,NOUN
避难,take refuge,VERB
疏散,evacuate,VERB
撤离,withdraw,VERB
救灾,disaster relief,NOUN
赈灾,relief,NOUN
捐款,donate money,NOUN
捐物,donate goods,NOUN
献血,donate blood,VERB
义工,volunteer,NOUN
社工,social worker,NOUN
护工,carer,NOUN
月嫂,maternity matron,NOUN
缜密,meticulous,ADJ
密实,dense,ADJ
浓密,thick,ADJ
茂密,dense,ADJ
繁密,dense,ADJ
细密,fine,ADJ
精密,precise,ADJ
确切,exact,ADJ
确凿,conclusive,ADJ
鲜明,distinct,ADJ
显著,notable,ADJ
显眼,conspicuous,ADJ
显而易见,obvious,ADJ
彰明较著,obvious,ADJ
彰明,clear,ADJ
昭彰,manifest,ADJ
昭著,notorious,ADJ
昭示,declare,VERB
昭告,proclaim,VERB
宣告,declare,VERB
宣称,claim,VERB
宣读,read out,VERB
宣讲,lecture,NOUN
宣导,promote,VERB
献策,offer advice,VERB
建言,offer advice,VERB
献计,offer plan,VERB
出谋,offer strategy,NOUN
划策,plan,VERB
出谋划策,give advice,VERB
运筹,strategize,NOUN
运筹帷幄,strategize,VERB
决胜,win,VERB
决胜千里,win from afar,VERB
筹谋,plan,VERB
谋划,plan,VERB
策划,plan,VERB
筹划,prepare,VERB
筹备,prepare,VERB
筹办,organize,VERB
筹措,raise,VERB
筹集,raise,VERB
筹款,fundraise,VERB
募款,fundraise,VERB
募集,recruit,VERB
招募,recruit,VERB
招兵,recruit soldiers,VERB
招兵买马,recruit,VERB
招贤,recruit talent,VERB
招贤纳士,recruit talent,VERB
纳谏,accept advice,VERB
从谏,follow advice,VERB
从善,follow good,VERB
从善如流,follow good,VERB
择善,choose good,VERB
择善而从,choose good,VERB
择优,choose best,VERB
择优录用,hire best,VERB
择期,choose date,VERB
择日,choose date,VERB
择时,choose time,VERB
择机,choose opportunity,VERB
伺机,wait for opportunity,VERB
待机,standby,VERB
待命,await orders,VERB
候命,await orders,VERB
听命,obey orders,VERB
从命,obey,VERB
交命,hand over life,VERB
拼命,risk life,VERB
舍命,sacrifice life,VERB
卖命,work hard,VERB
效命,serve,VERB
效忠,pledge allegiance,VERB
效仿,imitate,VERB
效法,emulate,VERB
效尤,imitate bad,VERB
仿效,imitate,VERB
仿制,copy,VERB
仿造,forge,VERB
造假,fake,VERB
掺假,adulterate,VERB
作假,fake,VERB
弄虚,deceive,VERB
舞弊,fraud,NOUN
徇私,favoritism,NOUN
贪腐,corruption,NOUN
贪污,embezzle,VERB
受贿,take bribe,VERB
行贿,bribe,VERB
索贿,extort bribe,VERB
敲诈,blackmail,NOUN
欺诈,fraud,NOUN
伪劣,fake and inferior,ADJ
假冒,counterfeit,ADJ
劣质,poor quality,ADJ
优质,high quality,ADJ
正品,genuine,NOUN
真品,genuine,NOUN
真货,genuine goods,NOUN
假货,fake goods,NOUN
水货,smuggled goods,NOUN
行货,licensed goods,NOUN
港行,Hong Kong licensed,NOUN
国行,domestic licensed,NOUN
正宗,authentic,ADJ
原装,original,ADJ
原产,origin,NOUN
原厂,original factory,NOUN
原版,original edition,NOUN
原件,original document,NOUN
副本,copy,NOUN
复印件,photocopy,NOUN
影印件,photocopy,NOUN
扫描件,scan,NOUN
打印件,printout,NOUN
手写件,handwritten,NOUN
正本,original,NOUN
底本,master copy,NOUN
底稿,draft,NOUN
初稿,first draft,NOUN
草稿,draft,NOUN
草案,draft,NOUN
提案,proposal,NOUN
议案,motion,NOUN
动议,motion,NOUN
参看,see also,VERB
参阅,consult,VERB
查阅,look up,VERB
检索,search,VERB
搜索,search,VERB
查找,find,VERB
搜寻,search,VERB
探求,seek,VERB
探索,explore,VERB
探究,investigate,VERB
钻研,study deeply,VERB
研究,research,VERB
调研,survey,VERB
稽核,check,VERB
复核,review,VERB
校核,verify,VERB
校正,correct,VERB
更正,correct,VERB
勘误,errata,NOUN
纠错,correct error,VERB
纠偏,correct deviation,VERB
纠正,correct,VERB
矫正,correct,VERB
整改,rectify,VERB
整顿,rectify,VERB
整治,remediate,VERB
治理,govern,VERB
管制,control,VERB
管控,control,VERB
监管,supervise,VERB
监测,monitor,VERB
监控,monitor,VERB
监视,surveil,VERB
侦查,investigate,VERB
侦察,reconnoiter,VERB
探查,probe,VERB
探勘,explore,VERB
勘察,survey,VERB
勘查,investigate,VERB
